Prey,Top_Localization
AAAS,rank 13
AAK1,rank 5
AAR2,rank 19
AARS2,rank 6
AASDH,rank 2
AASS,rank 4
AATF,rank 8
ABCA3,rank 14
ABCB1,rank 20
ABCB10,rank 4
ABCB7,rank 13
ABCC1,rank 11
ABCC4,rank 3
ABCC5,rank 11
ABCD1,rank 13
ABCD3,rank 13
ABCE1,rank 19
ABCF2,rank 11
ABCF3,rank 16
ABHD10,rank 4
ABHD12,rank 6
ABI1,rank 1
ABI2,rank 11
ABL2,rank 11
ABLIM1,rank 1
ABR,rank 11
ABRAXAS1,rank 12
ACAA1,rank 12
ACAD11,rank 19
ACAD9,rank 4
ACADM,rank 4
ACADSB,rank 4
ACADVL,rank 4
ACAP2,rank 11
ACAT1,rank 4
ACBD3,rank 14
ACBD4,rank 13
ACBD5,rank 13
ACIN1,rank 10
ACO2,rank 4
ACOT1,rank 4
ACOT2,rank 4
ACOT7,rank 19
ACOT8,rank 12
ACOT9,rank 4
ACOX1,rank 12
ACSF3,rank 4
ACSL3,rank 15
ACSL4,rank 13
ACSS1,rank 4
ACTA1,rank 11
ACTA2,rank 5
ACTB,rank 19
ACTBL2,rank 5
ACTC1,rank 5
ACTG1,rank 19
ACTL6A,rank 2
ACTN1,rank 19
ACTN4,rank 5
ACTR10,rank 17
ACTR2,rank 1
ADAM17,rank 3
ADAM22,rank 11
ADAM9,rank 11
ADAR,rank 8
ADCK2,rank 18
ADCY3,rank 11
ADCY6,rank 11
ADCY9,rank 15
ADD1,rank 1
ADD2,rank 1
ADD3,rank 1
ADGRL1,rank 1
ADGRL2,rank 1
ADIPOR1,rank 11
ADIPOR2,rank 3
ADNP,rank 2
ADNP2,rank 2
ADPGK,rank 6
AFDN,rank 1
AFF4,rank 10
AFG3L2,rank 4
AFTPH,rank 20
AGAP1,rank 11
AGAP3,rank 11
AGFG1,rank 1
AGFG2,rank 20
AGGF1,rank 9
AGK,rank 18
AGO2,rank 12
AGPAT1,rank 15
AGPAT3,rank 3
AGTPBP1,rank 5
AHCTF1,rank 15
AHCYL1,rank 1
AHCYL2,rank 11
AHNAK2,rank 20
AHSA1,rank 19
AIF1L,rank 5
AIFM1,rank 18
AIFM2,rank 15
AIP,rank 19
AK2,rank 18
AK3,rank 4
AK4,rank 4
AKAP1,rank 18
AKAP10,rank 20
AKAP11,rank 15
AKAP12,rank 1
AKAP13,rank 5
AKAP17A,rank 10
AKAP2,rank 5
AKAP5,rank 1
AKAP8,rank 10
AKAP8L,rank 19
AKAP9,rank 12
AKT2,rank 1
ALAS1,rank 4
ALCAM,rank 11
ALDH18A1,rank 4
ALDH1A2,rank 5
ALDH1B1,rank 4
ALDH1L2,rank 4
ALDH2,rank 4
ALDH3A2,rank 15
ALDH3B1,rank 5
ALDH7A1,rank 4
ALDH9A1,rank 4
ALG13,rank 16
ALG3,rank 3
ALG5,rank 13
ALG9,rank 3
ALKBH4,rank 19
ALKBH5,rank 2
ALMS1,rank 12
ALYREF,rank 2
AMER1,rank 1
AMIGO2,rank 11
AMOT,rank 12
AMOTL1,rank 12
ANAPC1,rank 12
ANAPC4,rank 19
ANAPC5,rank 19
ANGEL2,rank 4
ANK2,rank 1
ANK3,rank 1
ANKFY1,rank 20
ANKH,rank 7
ANKHD1,rank 16
ANKHD1-EIF4EBP3,rank 16
ANKLE2,rank 15
ANKRD11,rank 9
ANKRD13C,rank 13
ANKRD17,rank 16
ANKRD26,rank 1
ANKRD27,rank 7
ANKRD28,rank 17
ANKRD50,rank 11
ANKRD52,rank 17
ANKS1A,rank 1
ANKS6,rank 7
ANLN,rank 11
ANO10,rank 3
ANO5,rank 19
ANO6,rank 3
ANO8,rank 3
ANP32E,rank 8
ANTXR1,rank 11
ANTXR2,rank 11
ANXA6,rank 6
AP1AR,rank 20
AP1B1,rank 7
AP1G1,rank 7
AP1M1,rank 7
AP2A1,rank 5
AP2A2,rank 5
AP2B1,rank 7
AP2M1,rank 7
AP2S1,rank 5
AP3B1,rank 7
AP3D1,rank 7
AP3M1,rank 19
AP3S1,rank 7
AP3S2,rank 7
AP4E1,rank 20
APBB1,rank 20
APBB2,rank 20
APC,rank 1
API5,rank 10
APLP2,rank 14
APMAP,rank 6
APOL2,rank 13
APOO,rank 18
APOOL,rank 18
APP,rank 6
APPL1,rank 20
APPL2,rank 7
APRT,rank 14
AQR,rank 10
ARAF,rank 11
ARAP2,rank 1
ARC,rank 11
ARCN1,rank 14
AREL1,rank 15
ARF1,rank 13
ARF4,rank 13
ARF5,rank 13
ARF6,rank 11
ARFGAP2,rank 14
ARFGAP3,rank 14
ARFGEF1,rank 20
ARFGEF2,rank 20
ARFGEF3,rank 7
ARFIP1,rank 14
ARFIP2,rank 14
ARHGAP1,rank 15
ARHGAP11A,rank 11
ARHGAP12,rank 11
ARHGAP17,rank 5
ARHGAP18,rank 11
ARHGAP21,rank 1
ARHGAP29,rank 11
ARHGAP31,rank 11
ARHGAP32,rank 1
ARHGAP35,rank 5
ARHGAP39,rank 11
ARHGAP5,rank 11
ARHGDIA,rank 11
ARHGEF1,rank 11
ARHGEF10,rank 1
ARHGEF11,rank 11
ARHGEF12,rank 11
ARHGEF16,rank 11
ARHGEF18,rank 1
ARHGEF2,rank 11
ARHGEF26,rank 11
ARHGEF6,rank 12
ARHGEF7,rank 12
ARID1A,rank 10
ARID1B,rank 10
ARID2,rank 9
ARID3A,rank 2
ARID3B,rank 9
ARID4B,rank 9
ARID5B,rank 10
ARL1,rank 19
ARL13B,rank 7
ARL2,rank 4
ARL3,rank 7
ARL6IP5,rank 3
ARMC10,rank 13
ARMCX2,rank 13
ARMCX3,rank 13
ARMCX4,rank 13
ARNT,rank 2
ARPC1A,rank 5
ARPC5,rank 5
ARPC5L,rank 5
ARPIN,rank 5
ARV1,rank 3
ARVCF,rank 11
ASAP1,rank 1
ASCC2,rank 16
ASCC3,rank 16
ASF1A,rank 2
ASF1B,rank 2
ASH2L,rank 2
ASIC1,rank 11
ASNS,rank 5
ASPH,rank 6
ASPM,rank 12
ASXL2,rank 1
ATAD1,rank 13
ATAD2,rank 2
ATAD3A,rank 18
ATAD3B,rank 18
ATAD5,rank 9
ATF6,rank 15
ATF7IP,rank 2
ATG2A,rank 20
ATG2B,rank 13
ATG3,rank 5
ATG4C,rank 7
ATG9A,rank 3
ATL1,rank 15
ATL2,rank 3
ATP11A,rank 11
ATP11C,rank 7
ATP13A1,rank 3
ATP13A2,rank 7
ATP13A3,rank 7
ATP1A1,rank 11
ATP1B3,rank 11
ATP2A2,rank 3
ATP2B1,rank 11
ATP2B4,rank 11
ATP2C1,rank 14
ATP5F1A,rank 4
ATP5F1B,rank 4
ATP5F1C,rank 4
ATP5IF1,rank 4
ATP5ME,rank 18
ATP5MF-PTCD1,rank 4
ATP5PB,rank 4
ATP5PF,rank 4
ATP5PO,rank 6
ATP6AP2,rank 15
ATP6V1B1,rank 1
ATP6V1B2,rank 7
ATP6V1F,rank 3
ATP6V1H,rank 7
ATP7A,rank 1
ATP7B,rank 7
ATP8A1,rank 7
ATP8B2,rank 11
ATP9A,rank 20
ATPAF1,rank 4
ATRIP,rank 5
ATRX,rank 9
ATXN2,rank 16
ATXN2L,rank 16
ATXN3,rank 13
AUP1,rank 15
AURKA,rank 11
AURKB,rank 2
AVL9,rank 7
AXIN1,rank 1
AZI2,rank 12
B3GALT6,rank 13
B3GLCT,rank 6
B4GALT3,rank 6
B4GAT1,rank 6
BAG2,rank 19
BAG3,rank 5
BAG6,rank 16
BAHCC1,rank 12
BAIAP2,rank 11
BAIAP2L1,rank 11
BANF1,rank 2
BAP1,rank 2
BASP1,rank 1
BAX,rank 13
BAZ1A,rank 9
BAZ1B,rank 9
BAZ2A,rank 9
BAZ2B,rank 9
BBS7,rank 8
BBX,rank 9
BCAP29,rank 15
BCAP31,rank 15
BCAR1,rank 5
BCAR3,rank 12
BCAS2,rank 19
BCAS3,rank 5
BCCIP,rank 19
BCKDHA,rank 4
BCKDK,rank 4
BCL11A,rank 9
BCL2L13,rank 13
BCL7C,rank 2
BCL9,rank 1
BCLAF1,rank 10
BCOR,rank 9
BCORL1,rank 9
BCR,rank 11
BCS1L,rank 4
BDP1,rank 9
BEND3,rank 9
BET1,rank 15
BET1L,rank 14
BFSP1,rank 12
BHLHE40,rank 19
BICD1,rank 12
BICD2,rank 12
BICRA,rank 9
BID,rank 18
BIRC6,rank 12
BLM,rank 9
BLOC1S6,rank 7
BMP2K,rank 5
BMS1,rank 8
BNIP1,rank 3
BNIP2,rank 20
BNIP3,rank 13
BNIP3L,rank 13
BOD1L1,rank 2
BOP1,rank 8
BORCS5,rank 7
BORCS6,rank 7
BPTF,rank 2
BRAF,rank 11
BRCA1,rank 10
BRCA2,rank 12
BRD1,rank 2
BRD2,rank 9
BRD3,rank 2
BRD4,rank 10
BRD7,rank 2
BRD8,rank 2
BRI3BP,rank 15
BRIP1,rank 10
BRIX1,rank 19
BRPF1,rank 9
BRPF3,rank 2
BRSK2,rank 11
BRWD1,rank 9
BSDC1,rank 14
BSG,rank 11
BTAF1,rank 2
BTF3,rank 8
BTF3L4,rank 8
BTN3A2,rank 3
BTN3A3,rank 15
BUB1,rank 5
BUB1B,rank 5
BUD13,rank 10
BUD31,rank 2
BYSL,rank 16
C10orf12,rank 9
C10orf88,rank 5
C11orf49,rank 12
C11orf58,rank 10
C12orf43,rank 8
C12orf73,rank 18
C16orf58,rank 3
C16orf70,rank 5
C17orf49,rank 2
C17orf80,rank 4
C18orf21,rank 8
C18orf25,rank 10
C18orf32,rank 13
C19orf25,rank 15
C19orf44,rank 12
C19orf47,rank 2
C1orf131,rank 8
C1orf174,rank 2
C1orf198,rank 5
C1orf21,rank 11
C1orf226,rank 1
C1orf35,rank 10
C1orf43,rank 15
C1orf52,rank 2
C1QBP,rank 4
C21orf33,rank 4
C2CD2L,rank 15
C2CD3,rank 12
C2CD4C,rank 11
C2CD5,rank 11
C5orf15,rank 14
C5orf22,rank 19
C6orf132,rank 5
C6orf203,rank 4
C6orf47,rank 15
C7orf55-LUC7L2,rank 2
C8orf59,rank 8
C8orf82,rank 4
C9orf72,rank 7
C9orf78,rank 10
CAAP1,rank 10
CABIN1,rank 10
CABLES1,rank 11
CABYR,rank 4
CACHD1,rank 1
CACTIN,rank 10
CACUL1,rank 10
CACYBP,rank 19
CAD,rank 19
CADM1,rank 11
CALCOCO1,rank 12
CALD1,rank 5
CALR,rank 6
CALU,rank 6
CAMK2D,rank 19
CAMK2G,rank 19
CAMLG,rank 15
CAMSAP1,rank 17
CAMSAP2,rank 17
CAMSAP3,rank 17
CAND1,rank 1
CANT1,rank 14
CANX,rank 6
CAP1,rank 5
CAP2,rank 5
CAPRIN1,rank 16
CAPZA1,rank 5
CAPZA2,rank 19
CAPZA3,rank 19
CARD10,rank 12
CARMIL1,rank 1
CARMIL2,rank 11
CARS2,rank 4
CASK,rank 1
CASKIN2,rank 1
CASP8AP2,rank 9
CASZ1,rank 9
CAT,rank 12
CAV1,rank 11
CAVIN1,rank 11
CBARP,rank 1
CBL,rank 5
CBR1,rank 14
CBR3,rank 19
CBX1,rank 2
CBX2,rank 2
CBX3,rank 2
CBX4,rank 9
CBX5,rank 2
CBX8,rank 2
CC2D1A,rank 1
CCAR1,rank 10
CCAR2,rank 10
CCDC112,rank 12
CCDC115,rank 15
CCDC12,rank 10
CCDC124,rank 16
CCDC134,rank 6
CCDC137,rank 8
CCDC138,rank 12
CCDC14,rank 12
CCDC15,rank 12
CCDC168,rank 14
CCDC174,rank 9
CCDC18,rank 12
CCDC186,rank 1
CCDC22,rank 12
CCDC25,rank 5
CCDC43,rank 16
CCDC47,rank 15
CCDC50,rank 5
CCDC57,rank 12
CCDC58,rank 18
CCDC59,rank 8
CCDC6,rank 5
CCDC61,rank 12
CCDC66,rank 12
CCDC71L,rank 2
CCDC77,rank 12
CCDC8,rank 1
CCDC85C,rank 1
CCDC86,rank 2
CCDC88A,rank 1
CCDC88C,rank 1
CCDC91,rank 5
CCDC92,rank 5
CCDC94,rank 10
CCHCR1,rank 12
CCM2,rank 11
CCNB1,rank 17
CCNB2,rank 12
CCNK,rank 10
CCNT1,rank 10
CCNY,rank 11
CCP110,rank 12
CCPG1,rank 15
CCSER1,rank 1
CCSER2,rank 17
CCT2,rank 19
CCT3,rank 19
CCT4,rank 19
CCT5,rank 19
CCT6A,rank 19
CCT6B,rank 19
CCT7,rank 19
CCT8,rank 19
CD2AP,rank 5
CD2BP2,rank 19
CD3EAP,rank 9
CD44,rank 11
CD99,rank 11
CD99L2,rank 11
CDAN1,rank 10
CDC16,rank 13
CDC23,rank 13
CDC27,rank 17
CDC37,rank 19
CDC40,rank 19
CDC42BPA,rank 1
CDC42BPB,rank 1
CDC42EP1,rank 11
CDC42EP4,rank 11
CDC5L,rank 10
CDC73,rank 19
CDCA2,rank 2
CDCA3,rank 11
CDCA5,rank 2
CDCA8,rank 2
CDH2,rank 1
CDIPT,rank 9
CDK1,rank 19
CDK11A,rank 10
CDK11B,rank 2
CDK12,rank 10
CDK13,rank 10
CDK14,rank 11
CDK16,rank 11
CDK17,rank 11
CDK2,rank 2
CDK3,rank 11
CDK4,rank 19
CDK5RAP1,rank 4
CDK5RAP2,rank 17
CDK5RAP3,rank 15
CDK9,rank 2
CDKAL1,rank 15
CDKL5,rank 11
CDKN2A,rank 13
CDKN2AIP,rank 10
CDR2,rank 5
CDR2L,rank 5
CDS2,rank 15
CDV3,rank 16
CDYL,rank 2
CEBPZ,rank 8
CELF1,rank 10
CELF2,rank 10
CELSR1,rank 11
CELSR2,rank 11
CENPB,rank 5
CENPC,rank 9
CENPE,rank 17
CENPF,rank 17
CENPH,rank 12
CENPI,rank 9
CENPJ,rank 12
CENPQ,rank 9
CENPT,rank 9
CENPU,rank 9
CENPV,rank 2
CEP104,rank 17
CEP112,rank 12
CEP120,rank 12
CEP128,rank 12
CEP131,rank 12
CEP135,rank 12
CEP152,rank 12
CEP162,rank 12
CEP164,rank 12
CEP170,rank 17
CEP170B,rank 17
CEP192,rank 12
CEP250,rank 12
CEP290,rank 12
CEP295,rank 12
CEP350,rank 12
CEP41,rank 17
CEP44,rank 17
CEP55,rank 12
CEP57L1,rank 12
CEP63,rank 12
CEP70,rank 12
CEP72,rank 12
CEP85,rank 12
CEP85L,rank 12
CEP89,rank 1
CEP95,rank 12
CEP97,rank 12
CEPT1,rank 13
CERS1,rank 3
CERS2,rank 15
CERS4,rank 3
CERS5,rank 3
CERS6,rank 3
CFAP36,rank 5
CFAP97,rank 17
CFDP1,rank 9
CGN,rank 12
CGNL1,rank 12
CHAF1A,rank 2
CHAF1B,rank 2
CHAMP1,rank 2
CHCHD3,rank 18
CHCHD4,rank 18
CHCHD6,rank 18
CHD1,rank 9
CHD1L,rank 9
CHD2,rank 9
CHD3,rank 9
CHD4,rank 2
CHD6,rank 9
CHD7,rank 9
CHD8,rank 9
CHD9,rank 9
CHERP,rank 10
CHID1,rank 6
CHM,rank 11
CHML,rank 20
CHMP2B,rank 17
CHMP7,rank 15
CHORDC1,rank 19
CHP1,rank 3
CHPT1,rank 3
CHTOP,rank 2
CIC,rank 9
CIP2A,rank 19
CISD1,rank 13
CISD2,rank 15
CIT,rank 11
CIZ1,rank 2
CKAP2,rank 17
CKAP2L,rank 17
CKAP4,rank 15
CKAP5,rank 17
CKB,rank 19
CKMT1A,rank 18
CKS2,rank 19
CLASP1,rank 17
CLASP2,rank 17
CLASRP,rank 10
CLCC1,rank 15
CLCN7,rank 7
CLDN1,rank 11
CLEC16A,rank 20
CLGN,rank 3
CLINT1,rank 7
CLIP1,rank 17
CLMN,rank 15
CLN6,rank 9
CLN8,rank 3
CLNS1A,rank 11
CLP1,rank 19
CLPB,rank 18
CLPP,rank 4
CLPTM1,rank 15
CLPTM1L,rank 6
CLPX,rank 4
CLSPN,rank 10
CLTC,rank 5
CLTCL1,rank 5
CLUH,rank 4
CMAS,rank 2
CMC4,rank 18
CMPK1,rank 19
CMSS1,rank 8
CMTR1,rank 2
CNDP2,rank 19
CNIH4,rank 9
CNN2,rank 5
CNN3,rank 5
CNNM2,rank 1
CNNM3,rank 11
CNNM4,rank 11
CNOT1,rank 16
CNOT10,rank 12
CNOT2,rank 16
CNOT3,rank 16
CNP,rank 11
CNPY2,rank 6
CNPY3,rank 6
CNTLN,rank 12
CNTROB,rank 12
COA7,rank 18
COBL,rank 5
COBLL1,rank 5
COCH,rank 6
COG1,rank 14
COG2,rank 14
COG3,rank 14
COG4,rank 14
COG5,rank 14
COG7,rank 5
COIL,rank 8
COL14A1,rank 6
COL18A1,rank 6
COL4A3BP,rank 14
COL6A1,rank 6
COLEC12,rank 20
COLGALT1,rank 6
COMMD8,rank 19
COMTD1,rank 13
COPA,rank 14
COPB1,rank 14
COPB2,rank 14
COPE,rank 14
COPG1,rank 14
COPG2,rank 14
COQ3,rank 4
COQ5,rank 4
COQ6,rank 4
COQ8A,rank 4
CORO1C,rank 5
CORO7,rank 5
CORO7-PAM16,rank 4
COX11,rank 18
COX15,rank 18
COX16,rank 18
COX19,rank 18
COX2,rank 18
COX4I1,rank 18
COX5A,rank 18
COX5B,rank 4
COX6B1,rank 18
COX6C,rank 18
COX7A2L,rank 18
CPD,rank 14
CPEB4,rank 16
CPNE3,rank 11
CPNE8,rank 1
CPOX,rank 18
CPSF3,rank 5
CPSF6,rank 10
CPSF7,rank 10
CPVL,rank 6
CRACR2A,rank 20
CRAT,rank 4
CREBBP,rank 2
CRK,rank 1
CRMP1,rank 19
CRNKL1,rank 10
CRTC1,rank 5
CRYBG1,rank 5
CRYBG3,rank 19
CS,rank 1
CSDE1,rank 16
CSE1L,rank 3
CSK,rank 1
CSNK1A1,rank 12
CSNK1E,rank 12
CSNK1G2,rank 11
CSNK1G3,rank 11
CSNK2A2,rank 2
CSNK2B,rank 2
CSPG4,rank 11
CSPP1,rank 12
CSTF2,rank 10
CSTF2T,rank 5
CTCF,rank 2
CTDP1,rank 19
CTDSP1,rank 11
CTDSPL2,rank 2
CTIF,rank 16
CTNNA1,rank 1
CTNNA2,rank 1
CTNNAL1,rank 1
CTNNB1,rank 1
CTNNBL1,rank 8
CTNND1,rank 1
CTR9,rank 9
CTSA,rank 6
CTSD,rank 6
CTTN,rank 5
CTTNBP2,rank 17
CTTNBP2NL,rank 5
CUEDC2,rank 16
CUL2,rank 3
CUL3,rank 2
CUL4A,rank 2
CUX1,rank 14
CWC15,rank 10
CWC22,rank 10
CWC25,rank 10
CWC27,rank 10
CWF19L1,rank 2
CWF19L2,rank 10
CXADR,rank 11
CXorf56,rank 2
CXorf57,rank 8
CXXC1,rank 9
CYB5A,rank 15
CYB5B,rank 13
CYB5R1,rank 13
CYB5R3,rank 13
CYC1,rank 18
CYCS,rank 18
CYFIP1,rank 11
CYFIP2,rank 11
CYLD,rank 12
CYP51A1,rank 15
DAAM1,rank 5
DAB2,rank 5
DAB2IP,rank 11
DACH1,rank 9
DAG1,rank 11
DAP3,rank 18
DAPK1,rank 20
DARS2,rank 4
DAXX,rank 2
DAZAP1,rank 10
DBN1,rank 5
DBNL,rank 5
DBT,rank 4
DCAF13,rank 16
DCAF7,rank 19
DCBLD1,rank 11
DCDC2,rank 17
DCLK1,rank 17
DCLK2,rank 17
DCP1A,rank 5
DCP1B,rank 12
DCTN1,rank 17
DCTN2,rank 19
DCTN3,rank 12
DCTN4,rank 17
DCTN6,rank 20
DCUN1D3,rank 11
DCXR,rank 4
DDHD2,rank 15
DDOST,rank 6
DDRGK1,rank 15
DDX10,rank 8
DDX17,rank 10
DDX18,rank 8
DDX19B,rank 9
DDX20,rank 19
DDX21,rank 8
DDX23,rank 19
DDX24,rank 8
DDX27,rank 8
DDX28,rank 4
DDX31,rank 8
DDX39A,rank 10
DDX39B,rank 10
DDX3X,rank 16
DDX41,rank 10
DDX42,rank 10
DDX46,rank 10
DDX47,rank 19
DDX49,rank 8
DDX5,rank 10
DDX50,rank 8
DDX51,rank 9
DDX52,rank 8
DDX54,rank 8
DDX55,rank 8
DDX56,rank 8
DDX59,rank 10
DECR2,rank 12
DEK,rank 2
DENND1A,rank 5
DENND2C,rank 11
DENND4A,rank 20
DENND4C,rank 20
DENND5A,rank 20
DENND5B,rank 20
DENND6A,rank 7
DEPDC1,rank 11
DEPDC1B,rank 11
DERL1,rank 13
DES,rank 5
DGCR8,rank 10
DGKD,rank 11
DGKE,rank 3
DGKH,rank 11
DHCR24,rank 15
DHCR7,rank 15
DHPS,rank 5
DHRS1,rank 13
DHRS13,rank 15
DHRS4,rank 4
DHRS7,rank 15
DHTKD1,rank 4
DHX16,rank 10
DHX29,rank 16
DHX30,rank 4
DHX33,rank 8
DHX37,rank 8
DHX38,rank 10
DHX40,rank 9
DHX57,rank 16
DHX8,rank 10
DHX9,rank 10
DIABLO,rank 18
DIAPH1,rank 11
DIAPH2,rank 20
DIAPH3,rank 11
DICER1,rank 5
DIDO1,rank 10
DIEXF,rank 8
DIP2A,rank 11
DIP2B,rank 1
DIXDC1,rank 5
DKC1,rank 8
DLAT,rank 4
DLD,rank 4
DLG1,rank 1
DLG3,rank 11
DLG5,rank 1
DLGAP4,rank 11
DLGAP5,rank 17
DLST,rank 4
DLX6,rank 9
DMAP1,rank 2
DMD,rank 1
DMTN,rank 5
DMXL1,rank 20
DMXL2,rank 20
DNAAF2,rank 5
DNAAF5,rank 13
DNAH10,rank 12
DNAH5,rank 5
DNAJA1,rank 19
DNAJA2,rank 19
DNAJA3,rank 4
DNAJB11,rank 6
DNAJB12,rank 6
DNAJB14,rank 3
DNAJC1,rank 15
DNAJC10,rank 6
DNAJC11,rank 18
DNAJC13,rank 20
DNAJC14,rank 15
DNAJC16,rank 15
DNAJC17,rank 8
DNAJC21,rank 16
DNAJC25,rank 3
DNAJC3,rank 6
DNAJC30,rank 4
DNAJC7,rank 19
DNAJC8,rank 2
DNAJC9,rank 2
DNM1L,rank 13
DNM2,rank 19
DNMBP,rank 5
DNMT1,rank 2
DNMT3A,rank 2
DNTTIP2,rank 8
DOCK1,rank 11
DOCK11,rank 11
DOCK4,rank 5
DOCK5,rank 11
DOCK7,rank 11
DOCK9,rank 11
DOLPP1,rank 15
DOPEY1,rank 20
DOPEY2,rank 20
DOT1L,rank 12
DPF1,rank 9
DPY19L1,rank 3
DPY19L3,rank 3
DPY30,rank 2
DPYSL2,rank 5
DPYSL3,rank 5
DPYSL4,rank 5
DPYSL5,rank 5
DR1,rank 9
DRG1,rank 19
DROSHA,rank 10
DSC2,rank 1
DSC3,rank 14
DSG2,rank 1
DSN1,rank 2
DSP,rank 5
DST,rank 1
DSTN,rank 19
DTNA,rank 1
DTNB,rank 1
DTNBP1,rank 7
DUSP12,rank 19
DVL1,rank 1
DVL2,rank 5
DVL3,rank 5
DYNC1H1,rank 19
DYNC1I2,rank 17
DYNC1LI1,rank 19
DYNC1LI2,rank 19
DZIP1,rank 1
DZIP3,rank 12
E2F3,rank 9
E2F6,rank 9
EAPP,rank 19
EARS2,rank 4
EBAG9,rank 14
EBNA1BP2,rank 8
EBP,rank 3
EBPL,rank 3
ECD,rank 5
ECE1,rank 20
ECH1,rank 4
ECHS1,rank 4
ECI2,rank 4
ECSIT,rank 4
ECT2,rank 11
EDC3,rank 19
EDC4,rank 5
EDF1,rank 17
EDRF1,rank 12
EEA1,rank 7
EED,rank 2
EEF1E1,rank 11
EEF2K,rank 5
EEPD1,rank 11
EFHD1,rank 5
EFL1,rank 19
EFNB1,rank 11
EFNB2,rank 11
EFNB3,rank 11
EFR3A,rank 1
EFR3B,rank 1
EFTUD2,rank 19
EGFR,rank 1
EGLN1,rank 19
EHBP1,rank 1
EHD1,rank 11
EHD4,rank 7
EHHADH,rank 12
EHMT1,rank 2
EHMT2,rank 2
EI24,rank 3
EIF2A,rank 16
EIF2AK1,rank 5
EIF2AK2,rank 9
EIF2AK3,rank 15
EIF2S1,rank 19
EIF2S3,rank 19
EIF3A,rank 16
EIF3B,rank 8
EIF3C,rank 16
EIF3CL,rank 19
EIF3D,rank 19
EIF3F,rank 9
EIF3G,rank 16
EIF3H,rank 12
EIF3J,rank 8
EIF3K,rank 15
EIF3L,rank 16
EIF4A2,rank 18
EIF4B,rank 16
EIF4E2,rank 16
EIF4ENIF1,rank 12
EIF4G2,rank 16
EIF4H,rank 16
EIF5B,rank 16
ELAC2,rank 4
ELAVL1,rank 19
ELF1,rank 2
ELF2,rank 2
ELL,rank 9
ELMOD3,rank 1
ELMSAN1,rank 2
ELOA,rank 8
ELOVL1,rank 3
ELOVL2,rank 15
ELOVL4,rank 3
ELP1,rank 5
ELP4,rank 5
ELP6,rank 5
EMC1,rank 6
EMC2,rank 15
EMC7,rank 3
EMC8,rank 15
EMD,rank 15
EML4,rank 17
EMSY,rank 10
ENAH,rank 5
ENDOG,rank 18
ENO1,rank 19
ENPP1,rank 6
ENSA,rank 5
EP400,rank 10
EPAS1,rank 10
EPB41,rank 1
EPB41L1,rank 1
EPB41L2,rank 1
EPB41L3,rank 1
EPB41L4A,rank 1
EPB41L4B,rank 1
EPB41L5,rank 1
EPHA2,rank 11
EPHA3,rank 1
EPHA4,rank 1
EPHA7,rank 11
EPHB2,rank 11
EPHB3,rank 14
EPHB4,rank 11
EPN1,rank 11
EPN2,rank 5
EPPK1,rank 19
EPRS,rank 5
EPS15,rank 5
EPS15L1,rank 5
EPS8,rank 11
ERAL1,rank 4
ERAP1,rank 6
ERAP2,rank 6
ERBB2,rank 1
ERBB4,rank 1
ERBIN,rank 1
ERC1,rank 12
ERC2,rank 14
ERCC1,rank 2
ERCC4,rank 2
ERCC5,rank 2
ERCC6,rank 9
ERCC6L,rank 5
ERGIC1,rank 3
ERGIC2,rank 14
ERGIC3,rank 14
ERH,rank 10
ERICH1,rank 2
ERICH5,rank 1
ERLIN1,rank 6
ERLIN2,rank 6
ERN1,rank 3
ERO1A,rank 6
ERO1B,rank 6
ERP29,rank 6
ERP44,rank 6
ESF1,rank 8
ESPL1,rank 17
ESS2,rank 2
ESYT1,rank 15
ESYT2,rank 15
ETAA1,rank 12
ETFA,rank 4
ETFB,rank 4
ETFRF1,rank 4
EVI5,rank 20
EVI5L,rank 20
EVL,rank 5
EWSR1,rank 10
EXD2,rank 13
EXO1,rank 9
EXOC1,rank 20
EXOC2,rank 20
EXOC3,rank 20
EXOC4,rank 20
EXOC5,rank 20
EXOC6,rank 20
EXOC6B,rank 20
EXOC7,rank 20
EXOG,rank 18
EXOSC10,rank 8
EXOSC3,rank 2
EXOSC6,rank 2
EXOSC8,rank 2
EXOSC9,rank 8
EXPH5,rank 12
EYA3,rank 2
EYA4,rank 12
EZH2,rank 2
EZR,rank 5
F11R,rank 11
FAAP20,rank 19
FADS2,rank 3
FAF2,rank 15
FAM105A,rank 3
FAM107B,rank 5
FAM110B,rank 1
FAM111B,rank 11
FAM114A2,rank 14
FAM120A,rank 16
FAM120C,rank 16
FAM122B,rank 2
FAM126A,rank 11
FAM129A,rank 1
FAM129B,rank 1
FAM135A,rank 7
FAM136A,rank 18
FAM160A1,rank 20
FAM160A2,rank 20
FAM161A,rank 17
FAM162A,rank 18
FAM169A,rank 15
FAM171A1,rank 1
FAM171A2,rank 1
FAM171B,rank 1
FAM177A1,rank 13
FAM184A,rank 12
FAM184B,rank 12
FAM192A,rank 10
FAM193A,rank 5
FAM207A,rank 8
FAM208A,rank 10
FAM208B,rank 10
FAM213A,rank 13
FAM219A,rank 14
FAM219B,rank 7
FAM234A,rank 11
FAM234B,rank 7
FAM241A,rank 3
FAM32A,rank 8
FAM50A,rank 2
FAM76B,rank 19
FAM83B,rank 11
FAM83G,rank 5
FAM83H,rank 12
FAM91A1,rank 20
FAM92A,rank 11
FANCD2,rank 13
FANCI,rank 13
FAR1,rank 13
FAR2,rank 13
FARP1,rank 1
FARP2,rank 11
FARSA,rank 12
FASTKD1,rank 4
FASTKD2,rank 4
FASTKD3,rank 4
FASTKD5,rank 4
FBF1,rank 12
FBL,rank 8
FBN2,rank 6
FBXL4,rank 13
FBXO17,rank 1
FBXO30,rank 5
FBXO5,rank 17
FCGRT,rank 20
FCHO2,rank 11
FDFT1,rank 15
FDX1,rank 4
FDXR,rank 4
FECH,rank 4
FEN1,rank 2
FERMT2,rank 11
FGD1,rank 11
FGD4,rank 5
FGD6,rank 1
FGFR1OP,rank 17
FGFRL1,rank 14
FGR,rank 1
FHOD1,rank 5
FILIP1,rank 17
FIP1L1,rank 10
FITM2,rank 3
FKBP10,rank 6
FKBP14,rank 6
FKBP15,rank 5
FKBP2,rank 6
FKBP3,rank 16
FKBP4,rank 19
FKBP8,rank 13
FLAD1,rank 4
FLG2,rank 19
FLII,rank 5
FLJ44635,rank 5
FLOT1,rank 19
FLOT2,rank 1
FLRT3,rank 11
FLVCR1,rank 11
FLYWCH1,rank 9
FLYWCH2,rank 2
FMN2,rank 11
FMNL2,rank 11
FMR1,rank 16
FNBP1,rank 11
FNBP1L,rank 5
FNBP4,rank 10
FNDC3A,rank 15
FOLH1B,rank 2
FOPNL,rank 12
FOXC1,rank 9
FOXK1,rank 9
FOXK2,rank 2
FOXO1,rank 5
FOXRED1,rank 4
FOXRED2,rank 6
FRAS1,rank 3
FREM2,rank 6
FRG1,rank 9
FRMD4B,rank 1
FRMD6,rank 11
FRMPD4,rank 1
FRS2,rank 1
FSD1,rank 17
FTO,rank 2
FTSJ1,rank 11
FTSJ3,rank 8
FUBP1,rank 10
FUBP3,rank 16
FUNDC1,rank 13
FUNDC2,rank 13
FUS,rank 10
FXR1,rank 16
FXR2,rank 16
FYCO1,rank 7
FYN,rank 13
FZD6,rank 14
G3BP1,rank 16
G3BP2,rank 16
GAB1,rank 1
GABPA,rank 9
GAK,rank 5
GALNT14,rank 6
GANAB,rank 6
GAPDH,rank 13
GAPVD1,rank 5
GAR1,rank 16
GARS,rank 4
GAS2L3,rank 17
GAS8,rank 12
GATAD2A,rank 2
GATAD2B,rank 2
GATB,rank 4
GBA,rank 6
GBA2,rank 15
GBF1,rank 14
GCC1,rank 14
GCC2,rank 14
GCDH,rank 4
GCFC2,rank 10
GCN1,rank 16
GDI1,rank 7
GDI2,rank 20
GEMIN4,rank 19
GEN1,rank 17
GFAP,rank 12
GFER,rank 18
GFM1,rank 4
GFM2,rank 4
GGA1,rank 14
GGA2,rank 5
GGA3,rank 14
GGCX,rank 3
GGH,rank 6
GGT7,rank 15
GHITM,rank 18
GIGYF1,rank 12
GIGYF2,rank 16
GINM1,rank 14
GIPC1,rank 5
GIT1,rank 5
GIT2,rank 5
GJA1,rank 14
GJC1,rank 14
GK,rank 13
GKAP1,rank 16
GLA,rank 6
GLE1,rank 19
GLG1,rank 6
GLI3,rank 12
GLMN,rank 19
GLRX3,rank 19
GLRX5,rank 4
GLS,rank 4
GLUD1,rank 4
GLUD2,rank 19
GLYR1,rank 2
GMEB2,rank 2
GNA11,rank 11
GNA13,rank 11
GNAI2,rank 11
GNAI3,rank 11
GNL2,rank 8
GNL3,rank 8
GNL3L,rank 8
GNPAT,rank 12
GOLGA2,rank 14
GOLGA3,rank 14
GOLGA4,rank 14
GOLGA5,rank 14
GOLGB1,rank 14
GOLPH3,rank 3
GOPC,rank 14
GORAB,rank 14
GORASP2,rank 14
GOSR1,rank 14
GOSR2,rank 3
GPALPP1,rank 2
GPAM,rank 13
GPAT3,rank 15
GPAT4,rank 15
GPATCH1,rank 12
GPATCH11,rank 2
GPATCH4,rank 8
GPATCH8,rank 10
GPBP1,rank 16
GPBP1L1,rank 16
GPD2,rank 18
GPHN,rank 5
GPKOW,rank 2
GPN1,rank 19
GPR107,rank 14
GPR108,rank 14
GPR155,rank 7
GPR180,rank 3
GPR89A,rank 3
GPRASP2,rank 19
GPRC5A,rank 20
GPRC5C,rank 20
GPRIN1,rank 1
GPRIN3,rank 1
GPX4,rank 9
GPX8,rank 6
GRAMD1A,rank 6
GRAMD1B,rank 15
GRAMD4,rank 15
GRINA,rank 7
GRIP1,rank 1
GRIPAP1,rank 20
GRK2,rank 5
GRPEL1,rank 4
GRSF1,rank 4
GRWD1,rank 11
GSE1,rank 12
GSK3B,rank 12
GSTK1,rank 4
GTF2A1,rank 10
GTF2B,rank 2
GTF2E1,rank 9
GTF2E2,rank 2
GTF2F1,rank 2
GTF2F2,rank 8
GTF2I,rank 2
GTF3C1,rank 9
GTF3C2,rank 2
GTF3C3,rank 9
GTF3C4,rank 2
GTF3C5,rank 9
GTPBP1,rank 19
GTPBP10,rank 4
GTPBP3,rank 4
GTPBP4,rank 8
GTPBP6,rank 4
GTSE1,rank 17
GUF1,rank 4
GUSB,rank 6
GXYLT1,rank 6
GYG1,rank 12
H1F0,rank 2
H1FX,rank 8
H2AFX,rank 2
H2AFY,rank 2
H2AFY2,rank 2
H2AFZ,rank 2
H3F3A,rank 11
HABP4,rank 16
HACD2,rank 3
HACD3,rank 15
HACE1,rank 20
HACL1,rank 12
HADH,rank 4
HADHA,rank 4
HARS2,rank 4
HAT1,rank 9
HAUS1,rank 12
HAUS2,rank 12
HAUS3,rank 12
HAUS4,rank 12
HAUS5,rank 12
HAUS6,rank 12
HAUS7,rank 12
HAUS8,rank 12
HAX1,rank 18
HBS1L,rank 16
HCCS,rank 18
HCFC1,rank 10
HCFC2,rank 9
HDAC1,rank 2
HDAC2,rank 2
HDGF,rank 2
HDGFL2,rank 9
HDHD5,rank 4
HDLBP,rank 16
HEATR1,rank 8
HEATR5A,rank 20
HEATR5B,rank 20
HECTD1,rank 5
HEG1,rank 20
HELLS,rank 2
HELZ,rank 16
HERC1,rank 19
HERC2,rank 12
HERPUD1,rank 3
HGS,rank 14
HIBCH,rank 4
HIGD2A,rank 18
HINT1,rank 5
HINT2,rank 4
HIP1,rank 14
HIP1R,rank 12
HIRA,rank 10
HIRIP3,rank 9
HIST1H1C,rank 8
HIST1H1E,rank 8
HIST1H2AE,rank 19
HIST1H2AI,rank 9
HIST1H2BD,rank 15
HIST1H2BO,rank 2
HIST1H3A,rank 9
HIST1H3F,rank 15
HIST1H4J,rank 15
HIST2H2AA4,rank 2
HIST2H2AB,rank 2
HIST2H2BF,rank 2
HIST2H3D,rank 5
HIST2H4B,rank 2
HIVEP1,rank 9
HJURP,rank 9
HK1,rank 13
HK2,rank 13
HLA-A,rank 11
HLA-C,rank 15
HLCS,rank 5
HLTF,rank 9
HM13,rank 3
HMG20A,rank 2
HMGA1,rank 2
HMGA2,rank 2
HMGB1,rank 9
HMGB2,rank 9
HMGB3,rank 2
HMGCR,rank 3
HMGN1,rank 2
HMGN2,rank 8
HMGXB4,rank 2
HMMR,rank 17
HMOX2,rank 3
HNRNPA0,rank 10
HNRNPA1L2,rank 10
HNRNPA2B1,rank 10
HNRNPA3,rank 10
HNRNPAB,rank 10
HNRNPC,rank 10
HNRNPCL1,rank 10
HNRNPD,rank 10
HNRNPDL,rank 10
HNRNPF,rank 10
HNRNPH1,rank 10
HNRNPH2,rank 10
HNRNPH3,rank 10
HNRNPK,rank 10
HNRNPL,rank 10
HNRNPM,rank 10
HNRNPR,rank 10
HNRNPU,rank 10
HNRNPUL1,rank 10
HOOK1,rank 5
HOOK3,rank 14
HOXA13,rank 9
HOXA5,rank 9
HOXB9,rank 9
HOXC13,rank 9
HOXC9,rank 9
HOXD13,rank 9
HP1BP3,rank 2
HPS3,rank 7
HS1BP3,rank 5
HSD17B10,rank 4
HSD17B11,rank 3
HSD17B12,rank 3
HSD17B4,rank 19
HSDL1,rank 13
HSDL2,rank 4
HSP90B1,rank 6
HSPA12A,rank 11
HSPA13,rank 6
HSPA1A,rank 19
HSPA1B,rank 19
HSPA1L,rank 19
HSPA2,rank 19
HSPA4,rank 19
HSPA5,rank 6
HSPA8,rank 19
HSPA9,rank 4
HSPD1,rank 4
HSPE1,rank 4
HTATSF1,rank 10
HTT,rank 20
HUWE1,rank 13
HYOU1,rank 6
IARS,rank 19
IARS2,rank 4
IBA57,rank 4
IBTK,rank 16
ICE1,rank 12
ICE2,rank 2
ICMT,rank 3
IDH2,rank 4
IDH3B,rank 4
IFFO1,rank 12
IFFO2,rank 12
IFIT2,rank 19
IFNGR1,rank 14
IFT172,rank 12
IFT20,rank 14
IFT57,rank 12
IFT74,rank 12
IFT81,rank 12
IGF1R,rank 11
IGF2BP1,rank 16
IGF2BP2,rank 16
IGF2BP3,rank 16
IGF2R,rank 7
IGSF3,rank 11
IK,rank 10
IKBIP,rank 6
IKBKB,rank 7
ILDR2,rank 1
ILF3,rank 10
ILKAP,rank 2
ILVBL,rank 3
IMMP1L,rank 18
IMMT,rank 18
IMP3,rank 8
IMPAD1,rank 6
IMPDH1,rank 5
INA,rank 5
INCENP,rank 2
INF2,rank 15
INPP5B,rank 20
INPP5F,rank 20
INPPL1,rank 11
INSR,rank 11
INTS1,rank 2
INTS12,rank 2
INTS3,rank 2
INTS4,rank 10
INTS6,rank 19
INTS9,rank 2
IP6K1,rank 15
IPMK,rank 2
IPO11,rank 9
IPO4,rank 9
IPO5,rank 13
IPO7,rank 17
IPO8,rank 9
IPO9,rank 2
IQCB1,rank 5
IQCC,rank 12
IQGAP1,rank 11
IQGAP2,rank 11
IQSEC1,rank 11
IQSEC2,rank 11
IRAK1,rank 5
IRF2BP2,rank 10
IRS2,rank 11
IRS4,rank 1
ISCU,rank 4
ISG20L2,rank 8
ITCH,rank 1
ITGA1,rank 1
ITGA2,rank 11
ITGA4,rank 11
ITGA5,rank 11
ITGA6,rank 11
ITGAV,rank 11
ITGB1,rank 11
ITGB5,rank 11
ITM2B,rank 14
ITM2C,rank 14
ITPKA,rank 5
ITPR1,rank 15
ITPR2,rank 15
ITPR3,rank 15
ITPRIP,rank 3
ITSN1,rank 5
ITSN2,rank 5
IWS1,rank 10
JADE3,rank 9
JAG1,rank 11
JAG2,rank 15
JAGN1,rank 3
JAK1,rank 14
JAKMIP1,rank 17
JAM3,rank 11
JCAD,rank 1
JMJD1C,rank 10
JMJD6,rank 10
JMY,rank 5
JPH1,rank 15
JUN,rank 9
JUP,rank 1
KALRN,rank 20
KANK1,rank 12
KANK2,rank 1
KANSL3,rank 2
KARS,rank 4
KAT6A,rank 9
KAT7,rank 2
KAT8,rank 2
KATNA1,rank 17
KATNB1,rank 5
KBTBD6,rank 2
KBTBD7,rank 2
KCNB2,rank 1
KCNQ5,rank 15
KDELC1,rank 6
KDELC2,rank 6
KDELR1,rank 9
KDELR2,rank 11
KDM1A,rank 2
KDM2A,rank 2
KDM2B,rank 9
KDM3A,rank 2
KDM3B,rank 10
KDM4B,rank 9
KDM5C,rank 2
KDM6A,rank 9
KEAP1,rank 5
KHDRBS1,rank 10
KHSRP,rank 10
KIAA0040,rank 11
KIAA0319L,rank 7
KIAA0355,rank 12
KIAA0368,rank 19
KIAA0391,rank 4
KIAA0586,rank 12
KIAA0753,rank 12
KIAA0754,rank 1
KIAA1107,rank 17
KIAA1143,rank 2
KIAA1191,rank 18
KIAA1211,rank 5
KIAA1217,rank 1
KIAA1324L,rank 7
KIAA1328,rank 12
KIAA1468,rank 20
KIAA1522,rank 1
KIAA1549,rank 20
KIAA1671,rank 12
KIDINS220,rank 1
KIF11,rank 5
KIF13A,rank 20
KIF13B,rank 20
KIF14,rank 17
KIF15,rank 17
KIF16B,rank 7
KIF18B,rank 2
KIF1A,rank 7
KIF1B,rank 17
KIF1BP,rank 19
KIF1C,rank 17
KIF20A,rank 2
KIF20B,rank 2
KIF21A,rank 5
KIF22,rank 2
KIF23,rank 2
KIF24,rank 17
KIF26B,rank 1
KIF2A,rank 17
KIF2C,rank 17
KIF3A,rank 12
KIF4A,rank 2
KIF4B,rank 18
KIF5A,rank 20
KIF7,rank 12
KIFC1,rank 2
KIN,rank 8
KIRREL1,rank 11
KIZ,rank 12
KLC1,rank 5
KLC2,rank 5
KLC4,rank 19
KLHL11,rank 19
KMT2A,rank 9
KMT2B,rank 9
KMT2C,rank 9
KMT2D,rank 9
KNL1,rank 12
KNOP1,rank 8
KNSTRN,rank 17
KNTC1,rank 5
KPNA1,rank 19
KPNA2,rank 9
KPNA3,rank 9
KPNA4,rank 2
KPNA5,rank 19
KPNA6,rank 9
KPNB1,rank 12
KRI1,rank 8
KRIT1,rank 11
KRR1,rank 8
KRT1,rank 19
KRT18,rank 5
KRT19,rank 5
KRT6B,rank 16
KRT77,rank 15
KRT79,rank 4
KRT8,rank 5
KRTCAP2,rank 3
KTN1,rank 15
KXD1,rank 7
L3MBTL2,rank 2
L3MBTL3,rank 2
LACTB,rank 18
LAMB1,rank 6
LAMC1,rank 6
LAMTOR1,rank 7
LAMTOR2,rank 19
LARP1,rank 16
LARP1B,rank 16
LARP4,rank 16
LARP4B,rank 16
LARP7,rank 8
LARS,rank 19
LARS2,rank 4
LAS1L,rank 8
LASP1,rank 5
LATS1,rank 12
LATS2,rank 12
LBR,rank 15
LCA5,rank 12
LCK,rank 1
LCLAT1,rank 3
LCOR,rank 2
LCP1,rank 5
LDHA,rank 19
LDHB,rank 19
LEMD3,rank 15
LENG8,rank 8
LEO1,rank 9
LETM1,rank 4
LGALS3BP,rank 6
LIAS,rank 4
LIFR,rank 15
LIG1,rank 2
LIG3,rank 9
LIMA1,rank 5
LIMCH1,rank 5
LIMD1,rank 5
LIN54,rank 2
LIN9,rank 2
LINGO1,rank 14
LLGL1,rank 1
LLGL2,rank 11
LLPH,rank 8
LMAN1,rank 3
LMAN2,rank 6
LMBR1,rank 3
LMBRD2,rank 7
LMF2,rank 3
LMNA,rank 15
LMNB1,rank 15
LMNB2,rank 15
LMO7,rank 5
LMTK2,rank 20
LNPEP,rank 7
LNPK,rank 15
LOC100652732,rank 5
LOC100652741,rank 9
LOC100652766,rank 12
LOC100996426,rank 15
LOC101060138,rank 2
LOC101060252,rank 15
LOC101060291,rank 17
LOC441155,rank 9
LONP1,rank 4
LONP2,rank 12
LPCAT1,rank 15
LPCAT2,rank 15
LPCAT3,rank 3
LPGAT1,rank 15
LPIN3,rank 19
LPP,rank 5
LRBA,rank 14
LRCH3,rank 11
LRIF1,rank 2
LRIG2,rank 15
LRIG3,rank 15
LRP1,rank 20
LRP2,rank 20
LRP4,rank 20
LRP5,rank 14
LRP6,rank 14
LRP8,rank 20
LRPAP1,rank 6
LRPPRC,rank 4
LRRC1,rank 1
LRRC41,rank 13
LRRC49,rank 19
LRRC4B,rank 11
LRRC57,rank 11
LRRC59,rank 15
LRRC8A,rank 11
LRRC8D,rank 3
LRRCC1,rank 12
LRRFIP1,rank 5
LRRFIP2,rank 5
LRWD1,rank 2
LSG1,rank 15
LSM11,rank 9
LSM12,rank 16
LSM14A,rank 16
LSM14B,rank 16
LSR,rank 1
LTN1,rank 19
LTV1,rank 16
LUC7L2,rank 6
LUC7L3,rank 10
LUZP1,rank 17
LYAR,rank 8
LYN,rank 11
LYPLAL1,rank 4
LYRM2,rank 4
LYRM4,rank 4
LYRM7,rank 4
LYSMD3,rank 15
LZTR1,rank 11
LZTS1,rank 1
LZTS2,rank 1
LZTS3,rank 12
MACF1,rank 17
MACO1,rank 15
MAD2L2,rank 19
MADD,rank 20
MAGED1,rank 12
MAGED2,rank 5
MAGI1,rank 1
MAGI3,rank 1
MAGT1,rank 6
MAIP1,rank 18
MAK16,rank 8
MALT1,rank 19
MANF,rank 6
MAOA,rank 13
MAP1A,rank 17
MAP1S,rank 17
MAP2,rank 17
MAP2K1,rank 11
MAP2K5,rank 5
MAP3K20,rank 16
MAP3K21,rank 11
MAP3K9,rank 11
MAP4,rank 17
MAP4K3,rank 1
MAP4K4,rank 1
MAP4K5,rank 1
MAP7,rank 17
MAP7D1,rank 17
MAP7D2,rank 17
MAP7D3,rank 17
MAP9,rank 17
MAPKAP1,rank 11
MAPRE1,rank 17
MAPRE2,rank 17
MAPRE3,rank 17
MAPT,rank 17
1-Mar,rank 13
2-Mar,rank 13
5-Mar,rank 13
6-Mar,rank 3
MARCKS,rank 11
MARCKSL1,rank 11
MARF1,rank 17
MARK1,rank 1
MARK2,rank 1
MARK3,rank 1
MARVELD2,rank 11
MAST4,rank 17
MASTL,rank 2
MATR3,rank 10
MAVS,rank 13
MAZ,rank 2
MB21D2,rank 14
MBD1,rank 2
MBD2,rank 2
MBD3,rank 2
MBD4,rank 2
MBIP,rank 2
MBNL1,rank 10
MBOAT2,rank 15
MBOAT7,rank 15
MBTPS1,rank 6
MCAM,rank 11
MCC,rank 12
MCCC2,rank 18
MCM10,rank 11
MCM3AP,rank 19
MCM4,rank 2
MCM7,rank 9
MDC1,rank 2
MDH2,rank 4
MDN1,rank 13
ME2,rank 4
MECOM,rank 9
MECP2,rank 2
MED1,rank 10
MED10,rank 18
MED26,rank 19
MED27,rank 10
MED29,rank 12
MED4,rank 12
MEF2D,rank 2
MEPCE,rank 10
MESD,rank 6
MET,rank 1
METTL15,rank 4
METTL3,rank 2
METTL8,rank 4
MFAP1,rank 10
MFAP3L,rank 11
MFF,rank 13
MFN1,rank 13
MFN2,rank 13
MFSD10,rank 3
MFSD12,rank 7
MFSD8,rank 7
MGA,rank 9
MGEA5,rank 4
MGME1,rank 4
MIA2,rank 6
MIA3,rank 6
MIB1,rank 12
MIB2,rank 12
MICAL3,rank 1
MICALL1,rank 20
MICU1,rank 18
MICU2,rank 18
MICU3,rank 18
MIEF1,rank 13
MIEF2,rank 13
MIGA1,rank 13
MIGA2,rank 13
MIIP,rank 12
MINK1,rank 1
MINPP1,rank 6
MIOS,rank 7
MIS18BP1,rank 12
MKI67,rank 8
MKL1,rank 5
MKL2,rank 5
MKRN2,rank 16
MLEC,rank 6
MLH1,rank 2
MLLT1,rank 9
MLLT11,rank 19
MLLT3,rank 9
MLLT6,rank 9
MLX,rank 13
MLXIP,rank 5
MMAB,rank 4
MMGT1,rank 15
MMS19,rank 13
MMS22L,rank 10
MNAT1,rank 2
MNX1,rank 9
MOB1B,rank 12
MOGS,rank 6
MON2,rank 14
MORC2,rank 9
MORC3,rank 2
MOSPD2,rank 15
MOXD1,rank 6
MPC2,rank 18
MPDZ,rank 12
MPHOSPH10,rank 8
MPHOSPH6,rank 2
MPHOSPH8,rank 2
MPHOSPH9,rank 12
MPND,rank 9
MPP1,rank 11
MPP5,rank 1
MPP6,rank 11
MPP7,rank 1
MPRIP,rank 5
MPZL1,rank 11
MRC2,rank 20
MRGBP,rank 2
MRM3,rank 4
MRPL10,rank 4
MRPL12,rank 4
MRPL16,rank 4
MRPL19,rank 4
MRPL20,rank 4
MRPL21,rank 4
MRPL22,rank 4
MRPL24,rank 4
MRPL37,rank 4
MRPL40,rank 4
MRPL41,rank 4
MRPL42,rank 4
MRPL43,rank 18
MRPL44,rank 4
MRPL45,rank 4
MRPL46,rank 4
MRPL48,rank 4
MRPL50,rank 4
MRPL55,rank 4
MRPL58,rank 4
MRPS11,rank 4
MRPS14,rank 4
MRPS15,rank 4
MRPS16,rank 4
MRPS17,rank 4
MRPS18B,rank 4
MRPS2,rank 4
MRPS22,rank 4
MRPS23,rank 4
MRPS24,rank 4
MRPS25,rank 4
MRPS26,rank 4
MRPS27,rank 4
MRPS28,rank 4
MRPS31,rank 4
MRPS34,rank 4
MRPS35,rank 4
MRPS36,rank 4
MRPS5,rank 4
MRPS6,rank 4
MRPS7,rank 4
MRPS9,rank 4
MRRF,rank 4
MSANTD2,rank 2
MSH2,rank 2
MSH3,rank 9
MSH6,rank 9
MSL1,rank 2
MSL3,rank 2
MSN,rank 5
MTA1,rank 9
MTA2,rank 2
MTA3,rank 2
MTCH1,rank 13
MTCH2,rank 13
MTCL1,rank 17
MTDH,rank 15
MTERF3,rank 4
MTF2,rank 9
MTFR1,rank 13
MTFR1L,rank 13
MTFR2,rank 13
MTHFD1L,rank 4
MTHFD2,rank 4
MTIF2,rank 4
MTMR1,rank 11
MTMR10,rank 11
MTMR12,rank 1
MTMR3,rank 15
MTMR4,rank 12
MTMR6,rank 20
MTMR9,rank 14
MTO1,rank 4
MTOR,rank 11
MTPAP,rank 4
MTR,rank 19
MTREX,rank 2
MTRF1L,rank 4
MTSS1L,rank 5
MTUS1,rank 17
MTX1,rank 13
MTX2,rank 13
MTX3,rank 13
MUL1,rank 13
MUT,rank 4
MXRA7,rank 15
MYBBP1A,rank 8
MYBL2,rank 2
MYCBP,rank 5
MYCBP2,rank 18
MYDGF,rank 6
MYEF2,rank 10
MYL6,rank 11
MYLK,rank 16
MYO18A,rank 11
MYO19,rank 13
MYO1B,rank 1
MYO1C,rank 1
MYO1D,rank 1
MYO1E,rank 11
MYO5A,rank 20
MYO5B,rank 20
MYO5C,rank 12
MYO6,rank 1
MYO9A,rank 11
MYO9B,rank 11
MYOF,rank 14
MYSM1,rank 2
MYT1,rank 5
N4BP1,rank 5
N4BP2,rank 12
NAA10,rank 19
NAA35,rank 4
NAA50,rank 18
NACA,rank 8
NACC1,rank 9
NAE1,rank 19
NAMPT,rank 13
NANP,rank 5
NAP1L1,rank 16
NAP1L4,rank 16
NARS2,rank 4
NASP,rank 2
NAT10,rank 8
NAV1,rank 17
NAV2,rank 17
NBAS,rank 15
NBEA,rank 20
NBEAL1,rank 7
NBEAL2,rank 20
NBN,rank 2
NBR1,rank 14
NCAM1,rank 11
NCAPD2,rank 13
NCAPD3,rank 9
NCAPG2,rank 13
NCBP1,rank 2
NCBP3,rank 10
NCDN,rank 19
NCK2,rank 5
NCKAP1,rank 11
NCKAP5,rank 17
NCKAP5L,rank 12
NCL,rank 8
NCLN,rank 6
NCOA2,rank 10
NCOA5,rank 10
NCOA6,rank 10
NCOA7,rank 7
NCOR1,rank 10
NCOR2,rank 12
NCSTN,rank 6
NDC1,rank 15
NDC80,rank 17
NDE1,rank 7
NDEL1,rank 12
NDRG1,rank 11
NDRG3,rank 11
NDUFA10,rank 4
NDUFA12,rank 4
NDUFA13,rank 18
NDUFA2,rank 18
NDUFA4,rank 18
NDUFA5,rank 18
NDUFA6,rank 4
NDUFA8,rank 18
NDUFA9,rank 18
NDUFAF1,rank 4
NDUFAF2,rank 4
NDUFAF3,rank 18
NDUFAF4,rank 4
NDUFAF5,rank 4
NDUFAF7,rank 4
NDUFB10,rank 18
NDUFB11,rank 18
NDUFB5,rank 18
NDUFB8,rank 18
NDUFB9,rank 18
NDUFS1,rank 4
NDUFS2,rank 4
NDUFS3,rank 4
NDUFS4,rank 18
NDUFS6,rank 4
NDUFS7,rank 4
NDUFS8,rank 18
NDUFV1,rank 18
NDUFV2,rank 4
NDUFV3,rank 4
NEBL,rank 5
NECTIN2,rank 1
NEDD1,rank 12
NEFL,rank 19
NEK1,rank 17
NEK4,rank 17
NEK9,rank 5
NELFA,rank 10
NELFB,rank 9
NELFCD,rank 19
NELFE,rank 10
NEMP1,rank 15
NENF,rank 6
NEO1,rank 14
NEPRO,rank 8
NES,rank 5
NETO2,rank 14
NEURL4,rank 12
NEXN,rank 5
NF1,rank 11
NF2,rank 1
NFATC2IP,rank 2
NFIA,rank 2
NFIB,rank 2
NFIC,rank 9
NFKB1,rank 19
NFRKB,rank 2
NFS1,rank 4
NFU1,rank 4
NFX1,rank 16
NFXL1,rank 15
NGDN,rank 8
NGLY1,rank 19
NGRN,rank 4
NHS,rank 1
NHSL1,rank 5
NIFK,rank 8
NIN,rank 12
NIP7,rank 11
NIPAL3,rank 20
NIPBL,rank 9
NIPSNAP1,rank 4
NISCH,rank 7
NKAP,rank 10
NKAPD1,rank 10
NKRF,rank 8
NKTR,rank 10
NLGN1,rank 14
NLGN2,rank 14
NME1,rank 13
NME1-NME2,rank 13
NME3,rank 13
NME4,rank 4
NME5,rank 9
NMNAT1,rank 2
NMT1,rank 8
NMT2,rank 11
NNT,rank 4
NOA1,rank 4
NOB1,rank 19
NOC2L,rank 8
NOC3L,rank 8
NOL10,rank 8
NOL11,rank 8
NOL6,rank 8
NOL7,rank 16
NOL8,rank 8
NOL9,rank 8
NOLC1,rank 8
NOM1,rank 8
NOMO1,rank 6
NOMO2,rank 6
NONO,rank 10
NOP14,rank 8
NOP16,rank 8
NOP2,rank 8
NOP53,rank 8
NOP56,rank 8
NOP58,rank 8
NOS1AP,rank 1
NOSIP,rank 2
NOTCH1,rank 11
NOTCH2,rank 1
NPAT,rank 10
NPC1,rank 7
NPLOC4,rank 15
NPM1,rank 8
NPM3,rank 8
NPTN,rank 11
NR2C1,rank 9
NR2C2,rank 2
NR3C1,rank 7
NRBF2,rank 5
NRP1,rank 6
NSD1,rank 9
NSD2,rank 2
NSD3,rank 2
NSDHL,rank 15
NSF,rank 1
NSFL1C,rank 15
NSL1,rank 2
NSRP1,rank 10
NSUN2,rank 19
NT5C3A,rank 13
NT5DC2,rank 4
NUBP2,rank 13
NUBPL,rank 4
NUCB1,rank 6
NUCB2,rank 6
NUCKS1,rank 2
NUDC,rank 19
NUDCD1,rank 10
NUDCD2,rank 19
NUDCD3,rank 19
NUDT12,rank 12
NUDT19,rank 4
NUDT21,rank 10
NUDT5,rank 5
NUDT8,rank 4
NUF2,rank 12
NUFIP2,rank 16
NUMA1,rank 9
NUMB,rank 1
NUMBL,rank 1
NUP107,rank 19
NUP133,rank 15
NUP153,rank 15
NUP155,rank 15
NUP160,rank 15
NUP188,rank 19
NUP205,rank 19
NUP210,rank 6
NUP214,rank 12
NUP35,rank 15
NUP50,rank 2
NUP54,rank 19
NUP58,rank 19
NUP62,rank 19
NUP85,rank 19
NUP88,rank 12
NUP93,rank 19
NUP98,rank 15
NUPL2,rank 15
NUS1,rank 15
NUSAP1,rank 2
NVL,rank 8
NXF1,rank 19
NYNRIN,rank 12
OAT,rank 4
OBSL1,rank 11
OCIAD1,rank 13
OCIAD2,rank 13
OCLN,rank 11
OCRL,rank 7
ODF2,rank 12
ODF2L,rank 12
OFD1,rank 12
OGDH,rank 4
OGT,rank 2
OLA1,rank 16
OMA1,rank 18
OPA1,rank 18
OPA3,rank 18
ORC2,rank 2
ORC3,rank 2
ORC4,rank 13
ORC5,rank 2
ORMDL2,rank 3
OS9,rank 6
OSBPL10,rank 20
OSBPL11,rank 20
OSBPL1A,rank 12
OSBPL2,rank 15
OSBPL3,rank 11
OSBPL6,rank 11
OSBPL8,rank 15
OSBPL9,rank 20
OSTM1,rank 7
OTUD4,rank 16
OXA1L,rank 4
OXCT1,rank 4
OXR1,rank 20
OXSM,rank 4
OXSR1,rank 11
P3H1,rank 6
P3H3,rank 6
P4HA1,rank 6
P4HA2,rank 6
P4HB,rank 6
PA2G4,rank 16
PABPC1,rank 16
PABPC4,rank 16
PACS1,rank 1
PACSIN2,rank 11
PAF1,rank 10
PAG1,rank 1
PAK2,rank 11
PAK4,rank 1
PAK6,rank 1
PALB2,rank 12
PALD1,rank 11
PALLD,rank 5
PALM,rank 1
PALM2,rank 1
PALM2-AKAP2,rank 5
PAN3,rank 12
PANK4,rank 19
PANX1,rank 11
PAPD5,rank 8
PAPD7,rank 12
PAPOLA,rank 2
PARD3,rank 1
PARD3B,rank 1
PARD6B,rank 11
PARD6G,rank 1
PARG,rank 2
PARL,rank 18
PARN,rank 8
PARP1,rank 2
PARP16,rank 15
PASK,rank 5
PATJ,rank 1
PATL1,rank 17
PAWR,rank 5
PAXBP1,rank 10
PAXIP1,rank 9
PBRM1,rank 2
PBXIP1,rank 15
PCBP2,rank 16
PCDH19,rank 1
PCDH7,rank 11
PCDH9,rank 11
PCDHGB1,rank 11
PCF11,rank 10
PCID2,rank 9
PCIF1,rank 19
PCK2,rank 4
PCM1,rank 12
PCNT,rank 12
PCNX1,rank 1
PCNX3,rank 1
PCSK6,rank 6
PCYOX1,rank 6
PCYOX1L,rank 6
PCYT1A,rank 2
PDCD11,rank 8
PDCD2L,rank 5
PDCD4,rank 2
PDCL,rank 15
PDCL3,rank 19
PDE12,rank 4
PDE3B,rank 15
PDE8A,rank 1
PDHA1,rank 4
PDHB,rank 4
PDHX,rank 4
PDIA3,rank 6
PDIA4,rank 6
PDIA5,rank 6
PDIA6,rank 6
PDK1,rank 4
PDK2,rank 4
PDK3,rank 4
PDLIM1,rank 5
PDLIM3,rank 5
PDLIM5,rank 5
PDLIM7,rank 5
PDP1,rank 4
PDPR,rank 4
PDRG1,rank 19
PDS5A,rank 2
PDS5B,rank 9
PDSS1,rank 4
PDXDC1,rank 14
PDZD8,rank 15
PDZRN3,rank 12
PEAK1,rank 1
PEBP1,rank 9
PEG10,rank 19
PELO,rank 13
PELP1,rank 9
PES1,rank 8
PEX1,rank 13
PEX11A,rank 13
PEX11B,rank 13
PEX12,rank 13
PEX13,rank 13
PEX14,rank 13
PEX16,rank 13
PEX19,rank 13
PEX3,rank 13
PEX5,rank 13
PEX6,rank 13
PFAS,rank 19
PFDN2,rank 19
PFDN5,rank 19
PFDN6,rank 19
PFKL,rank 19
PFKM,rank 19
PFKP,rank 19
PFN1,rank 5
PGAM2,rank 5
PGAM5,rank 18
PGD,rank 2
PGK1,rank 14
PGRMC1,rank 15
PGRMC2,rank 15
PGS1,rank 13
PHACTR2,rank 11
PHACTR4,rank 1
PHB,rank 18
PHB2,rank 18
PHC1,rank 2
PHC2,rank 2
PHC3,rank 2
PHF10,rank 8
PHF14,rank 2
PHF2,rank 9
PHF21A,rank 12
PHF3,rank 10
PHF6,rank 9
PHF8,rank 9
PHIP,rank 2
PHKA1,rank 5
PHLDB1,rank 11
PHLDB2,rank 1
PHLDB3,rank 1
PHLPP1,rank 11
PHRF1,rank 10
PHYH,rank 12
PI4K2A,rank 7
PI4KA,rank 11
PI4KB,rank 20
PIAS1,rank 2
PIAS2,rank 2
PIAS4,rank 2
PIBF1,rank 12
PICALM,rank 1
PIGB,rank 3
PIGG,rank 6
PIGK,rank 6
PIGN,rank 6
PIGO,rank 6
PIGS,rank 6
PIGT,rank 6
PIGU,rank 3
PIGW,rank 3
PIH1D1,rank 19
PIK3AP1,rank 13
PIK3C2A,rank 5
PIK3C2B,rank 7
PIK3C3,rank 7
PIK3CA,rank 11
PIK3CB,rank 11
PIK3R1,rank 11
PIK3R2,rank 1
PIK3R3,rank 11
PIK3R4,rank 7
PIKFYVE,rank 7
PINX1,rank 8
PIP4K2A,rank 11
PIP4P1,rank 7
PIP5K1A,rank 11
PITRM1,rank 4
PJA2,rank 5
PKD2,rank 15
PKM,rank 19
PKMYT1,rank 15
PKN1,rank 11
PKN2,rank 11
PKN3,rank 11
PKP2,rank 1
PKP4,rank 1
PLBD2,rank 6
PLCB1,rank 11
PLCH1,rank 1
PLCL2,rank 11
PLD1,rank 7
PLD3,rank 14
PLD6,rank 13
PLEC,rank 12
PLEKHA1,rank 1
PLEKHA3,rank 14
PLEKHA5,rank 1
PLEKHA6,rank 1
PLEKHA7,rank 1
PLEKHA8,rank 7
PLEKHG1,rank 12
PLEKHG3,rank 11
PLEKHH2,rank 12
PLEKHM1,rank 7
PLEKHM2,rank 7
PLEKHM3,rank 7
PLEKHO2,rank 11
PLGRKT,rank 18
PLK1,rank 11
PLOD1,rank 6
PLOD2,rank 6
PLOD3,rank 6
PLPP1,rank 11
PLPP3,rank 11
PLRG1,rank 10
PLS1,rank 5
PLS3,rank 5
PLXNA1,rank 11
PLXNA2,rank 11
PLXNB2,rank 15
PML,rank 15
PMPCA,rank 4
PMS1,rank 2
PMS2,rank 10
PNISR,rank 10
PNKD,rank 18
PNN,rank 10
PNPLA8,rank 4
PNPT1,rank 4
POC1B,rank 12
POC5,rank 5
PODXL,rank 11
PODXL2,rank 20
POFUT1,rank 6
POFUT2,rank 6
POGK,rank 2
POGLUT1,rank 6
POGZ,rank 2
POLA1,rank 2
POLA2,rank 2
POLD1,rank 9
POLD3,rank 2
POLDIP2,rank 4
POLDIP3,rank 10
POLE,rank 9
POLG,rank 4
POLR1A,rank 9
POLR1B,rank 9
POLR1E,rank 9
POLR2A,rank 19
POLR2B,rank 19
POLR2J3,rank 19
POLR2M,rank 19
POLR3A,rank 19
POLR3B,rank 19
POLR3C,rank 2
POLRMT,rank 4
POM121,rank 19
POM121C,rank 15
POMK,rank 3
PON2,rank 6
POP1,rank 2
POP4,rank 9
POR,rank 15
POTEE,rank 18
POU2F1,rank 2
PPA2,rank 4
PPAN-P2RY11,rank 8
PPFIA1,rank 11
PPFIBP1,rank 1
PPHLN1,rank 10
PPIB,rank 6
PPIC,rank 6
PPID,rank 19
PPIF,rank 4
PPIG,rank 10
PPIL1,rank 2
PPIL2,rank 2
PPIL4,rank 10
PPIP5K1,rank 19
PPM1B,rank 13
PPM1G,rank 8
PPP1CA,rank 2
PPP1CB,rank 2
PPP1CC,rank 2
PPP1R10,rank 10
PPP1R12A,rank 5
PPP1R13B,rank 1
PPP1R13L,rank 17
PPP1R15B,rank 15
PPP1R16B,rank 1
PPP1R18,rank 5
PPP1R21,rank 20
PPP1R37,rank 20
PPP1R9A,rank 11
PPP1R9B,rank 5
PPP2R3A,rank 5
PPP2R3B,rank 5
PPP2R5D,rank 5
PPP4R1,rank 19
PPP4R3A,rank 10
PPP5C,rank 19
PPP6R1,rank 5
PPP6R2,rank 5
PPP6R3,rank 5
PPWD1,rank 10
PQBP1,rank 10
PRAF2,rank 3
PRAG1,rank 12
PRC1,rank 17
PRCC,rank 10
PRDM15,rank 2
PRDM2,rank 9
PRDX3,rank 4
PRDX4,rank 6
PREB,rank 15
PREPL,rank 4
PRIM2,rank 2
PRKAA1,rank 19
PRKAA2,rank 19
PRKAB1,rank 19
PRKAG1,rank 19
PRKAR2A,rank 13
PRKAR2B,rank 13
PRKCD,rank 13
PRKCH,rank 13
PRKCI,rank 14
PRKCQ,rank 13
PRKCSH,rank 6
PRKCZ,rank 5
PRKD3,rank 11
PRKDC,rank 13
PRMT7,rank 5
PROSER1,rank 12
PROSER2,rank 5
PROSER3,rank 12
PRPF19,rank 2
PRPF3,rank 10
PRPF31,rank 9
PRPF4,rank 2
PRPF40A,rank 10
PRPF4B,rank 10
PRPF6,rank 10
PRPF8,rank 10
PRPH,rank 5
PRR11,rank 13
PRR12,rank 9
PRR14,rank 2
PRR14L,rank 10
PRR36,rank 17
PRR5,rank 1
PRR5-ARHGAP8,rank 7
PRRC2A,rank 16
PRRC2B,rank 16
PRRC2C,rank 16
PRRT4,rank 11
PSD3,rank 1
PSEN1,rank 11
PSIP1,rank 2
PSMC1,rank 19
PSMC2,rank 12
PSMC3,rank 19
PSMC4,rank 19
PSMC5,rank 19
PSMC6,rank 19
PSMD1,rank 16
PSMD12,rank 5
PSMD2,rank 19
PSMD3,rank 19
PSMD4,rank 19
PSMD6,rank 19
PSME2,rank 8
PSME3,rank 10
PSMG1,rank 18
PSPC1,rank 10
PSRC1,rank 17
PTAR1,rank 18
PTBP1,rank 10
PTBP2,rank 10
PTBP3,rank 9
PTCD3,rank 4
PTCH1,rank 20
PTDSS1,rank 15
PTDSS2,rank 3
PTGES2,rank 18
PTK2,rank 5
PTK7,rank 11
PTPMT1,rank 4
PTPN1,rank 15
PTPN12,rank 5
PTPN13,rank 1
PTPN14,rank 1
PTPN2,rank 15
PTPN23,rank 5
PTPN9,rank 7
PTPRF,rank 11
PTPRG,rank 11
PTPRJ,rank 20
PTPRK,rank 6
PTRH2,rank 13
PUF60,rank 10
PUM1,rank 16
PUM2,rank 16
PUM3,rank 8
PUS1,rank 4
PUS7,rank 2
PWP2,rank 8
PWWP2A,rank 2
PXDN,rank 6
PXN,rank 5
PYCR1,rank 4
PYCR2,rank 4
PYM1,rank 16
QARS,rank 19
QKI,rank 10
QRSL1,rank 4
QSER1,rank 2
QSOX2,rank 13
QTRT2,rank 4
R3HCC1L,rank 5
R3HDM1,rank 16
R3HDM2,rank 16
RAB10,rank 11
RAB11A,rank 15
RAB11B,rank 15
RAB11FIP1,rank 20
RAB11FIP2,rank 20
RAB11FIP3,rank 20
RAB11FIP5,rank 20
RAB12,rank 14
RAB13,rank 7
RAB14,rank 13
RAB18,rank 13
RAB19,rank 20
RAB1A,rank 13
RAB1B,rank 13
RAB21,rank 13
RAB22A,rank 13
RAB23,rank 11
RAB24,rank 13
RAB27A,rank 15
RAB27B,rank 13
RAB29,rank 15
RAB2A,rank 13
RAB31,rank 13
RAB34,rank 13
RAB35,rank 11
RAB3B,rank 13
RAB3GAP1,rank 15
RAB3GAP2,rank 15
RAB3IL1,rank 20
RAB3IP,rank 20
RAB4B,rank 20
RAB5A,rank 14
RAB5C,rank 20
RAB6A,rank 13
RAB6B,rank 13
RAB7A,rank 13
RAB8A,rank 13
RAB8B,rank 13
RAB9A,rank 7
RABAC1,rank 3
RABEP1,rank 20
RABGAP1,rank 20
RABGAP1L,rank 20
RABGEF1,rank 20
RABGGTA,rank 14
RABL3,rank 15
RABL6,rank 20
RACGAP1,rank 2
RAD18,rank 2
RAD21,rank 9
RAD23A,rank 2
RAD50,rank 9
RAD51AP1,rank 2
RAD54L2,rank 5
RAE1,rank 2
RAF1,rank 11
RAI1,rank 9
RAI14,rank 1
RALA,rank 11
RALBP1,rank 11
RALGAPA1,rank 20
RALGAPA2,rank 20
RALGAPB,rank 20
RALY,rank 10
RANBP2,rank 12
RANBP6,rank 13
RANBP9,rank 5
RAP1A,rank 13
RAP1B,rank 11
RAP1GDS1,rank 5
RAP2A,rank 7
RAPGEF6,rank 1
RAPH1,rank 5
RARS2,rank 4
RASA3,rank 1
RASAL2,rank 1
RASEF,rank 20
RASSF5,rank 5
RASSF7,rank 1
RASSF8,rank 1
RAVER1,rank 10
RAVER2,rank 10
RB1,rank 2
RBAK,rank 2
RBBP4,rank 2
RBBP5,rank 2
RBBP6,rank 10
RBBP7,rank 9
RBFA,rank 4
RBFOX2,rank 10
RBM10,rank 10
RBM11,rank 19
RBM12,rank 10
RBM14,rank 10
RBM15,rank 10
RBM15B,rank 10
RBM17,rank 10
RBM19,rank 8
RBM20,rank 10
RBM22,rank 10
RBM25,rank 10
RBM26,rank 10
RBM27,rank 10
RBM28,rank 8
RBM33,rank 10
RBM34,rank 8
RBM39,rank 10
RBM41,rank 10
RBM47,rank 16
RBM5,rank 10
RBM6,rank 10
RBM7,rank 10
RBMS1,rank 16
RBMX,rank 10
RBMX2,rank 8
RBPJ,rank 19
RBSN,rank 20
RC3H1,rank 16
RC3H2,rank 16
RCN1,rank 6
RCN2,rank 6
RCOR1,rank 2
RCOR2,rank 5
RCOR3,rank 2
RDH11,rank 3
RDX,rank 5
RECQL,rank 2
RECQL5,rank 8
REEP1,rank 3
REEP2,rank 15
REEP4,rank 15
REEP5,rank 3
REEP6,rank 3
RELL1,rank 11
REPS1,rank 5
RER1,rank 14
RETREG1,rank 15
RETREG2,rank 15
RETREG3,rank 3
RETSAT,rank 15
REXO4,rank 8
RFC1,rank 9
RFC2,rank 9
RFC4,rank 2
RFC5,rank 9
RFT1,rank 3
RFTN1,rank 11
RFX1,rank 2
RFX5,rank 2
RGP1,rank 14
RGPD1,rank 12
RGPD6,rank 12
RGPD8,rank 12
RHBDD2,rank 14
RHBDD3,rank 14
RHBDF2,rank 11
RHOT1,rank 13
RHOT2,rank 13
RIC1,rank 14
RICTOR,rank 11
RIF1,rank 2
RILPL1,rank 20
RING1,rank 2
RINT1,rank 15
RIOK1,rank 16
RIOK3,rank 16
RIOX2,rank 2
RIPK2,rank 5
RLF,rank 9
RMDN2,rank 13
RMDN3,rank 13
RMND5A,rank 19
RNASEH2B,rank 2
RNF10,rank 16
RNF113A,rank 9
RNF149,rank 14
RNF169,rank 2
RNF2,rank 2
RNF20,rank 2
RNF213,rank 3
RNF214,rank 12
RNF219,rank 12
RNF40,rank 2
RNF8,rank 10
RNFT1,rank 19
RNGTT,rank 19
RNPS1,rank 10
ROBO1,rank 14
ROBO2,rank 1
ROCK1,rank 11
ROCK2,rank 11
ROR1,rank 1
ROR2,rank 1
RP2,rank 11
RP9,rank 8
RPA1,rank 2
RPA2,rank 2
RPA3,rank 2
RPAP1,rank 19
RPAP2,rank 19
RPAP3,rank 19
RPF2,rank 19
RPGR,rank 13
RPGRIP1L,rank 12
RPL10,rank 11
RPL11,rank 19
RPL13,rank 19
RPL14,rank 8
RPL15,rank 19
RPL17,rank 19
RPL18A,rank 19
RPL21,rank 19
RPL22,rank 19
RPL23A,rank 16
RPL24,rank 15
RPL27A,rank 19
RPL28,rank 19
RPL3,rank 19
RPL34,rank 19
RPL36A-HNRNPH2,rank 13
RPL4,rank 19
RPL5,rank 9
RPL6,rank 19
RPL7,rank 19
RPL7A,rank 19
RPL7L1,rank 19
RPL8,rank 19
RPL9,rank 11
RPLP0,rank 2
RPLP2,rank 5
RPN1,rank 6
RPN2,rank 6
RPP38,rank 8
RPP40,rank 2
RPRD1B,rank 19
RPRD2,rank 10
RPS10,rank 16
RPS11,rank 19
RPS14,rank 19
RPS15A,rank 19
RPS19BP1,rank 16
RPS2,rank 19
RPS20,rank 16
RPS23,rank 19
RPS27,rank 19
RPS27L,rank 2
RPS3,rank 16
RPS3A,rank 16
RPS4X,rank 19
RPS6,rank 19
RPS6KA1,rank 11
RPS6KA3,rank 11
RPS6KA5,rank 10
RPS6KC1,rank 7
RPS8,rank 19
RPS9,rank 19
RPTOR,rank 7
RPUSD2,rank 2
RPUSD4,rank 4
RRAGA,rank 7
RRAGB,rank 19
RRAGC,rank 7
RRAGD,rank 7
RRBP1,rank 15
RREB1,rank 9
RRP1,rank 8
RRP12,rank 8
RRP15,rank 8
RRP1B,rank 8
RRP36,rank 8
RRP7A,rank 8
RRP8,rank 8
RRP9,rank 8
RRS1,rank 8
RSBN1,rank 9
RSBN1L,rank 10
RSF1,rank 9
RSL1D1,rank 8
RSRC1,rank 10
RSRC2,rank 10
RTCB,rank 19
RTF1,rank 9
RTKN,rank 11
RTKN2,rank 11
RTN1,rank 15
RTN3,rank 3
RTN4,rank 15
RTN4IP1,rank 4
RTTN,rank 12
RUBCN,rank 7
RUFY1,rank 7
RUFY2,rank 7
RUFY3,rank 7
RUSC2,rank 12
RUVBL1,rank 19
RUVBL2,rank 19
SACM1L,rank 3
SACS,rank 19
SAFB,rank 10
SAFB2,rank 10
SALL1,rank 9
SALL2,rank 10
SAMD4A,rank 15
SAMD4B,rank 12
SAMM50,rank 18
SAP130,rank 10
SAP18,rank 10
SAP30BP,rank 10
SAR1A,rank 13
SAR1B,rank 13
SARM1,rank 13
SARNP,rank 2
SARS2,rank 18
SART1,rank 10
SART3,rank 9
SASS6,rank 12
SATB2,rank 9
SBF1,rank 11
SBF2,rank 11
SBNO1,rank 2
SC5D,rank 15
SCAF1,rank 10
SCAF11,rank 10
SCAF4,rank 10
SCAF8,rank 10
SCAMP1,rank 7
SCAMP2,rank 7
SCAMP3,rank 7
SCAMP4,rank 14
SCAPER,rank 16
SCARA3,rank 20
SCARB1,rank 11
SCD,rank 15
SCD5,rank 3
SCFD1,rank 15
SCHIP1,rank 20
SCIN,rank 5
SCLT1,rank 12
SCML2,rank 2
SCO1,rank 18
SCO2,rank 18
SCOC,rank 14
SCP2,rank 5
SCRIB,rank 1
SCYL1,rank 14
SCYL2,rank 20
SCYL3,rank 14
SDAD1,rank 8
SDC2,rank 11
SDCBP,rank 5
SDCCAG3,rank 12
SDE2,rank 2
SDF2,rank 6
SDF2L1,rank 6
SDF4,rank 6
SDHA,rank 4
SDHAF3,rank 4
SDHB,rank 4
SDK1,rank 11
SDK2,rank 11
SEC11A,rank 6
SEC13,rank 14
SEC16A,rank 15
SEC22B,rank 15
SEC23A,rank 14
SEC23B,rank 14
SEC23IP,rank 14
SEC24A,rank 14
SEC24B,rank 14
SEC24C,rank 14
SEC31A,rank 14
SEC61A1,rank 9
SEC61B,rank 15
SEC62,rank 15
SEC63,rank 15
SECISBP2,rank 16
SEL1L,rank 6
SELENOF,rank 6
SELENOI,rank 9
SELENOS,rank 15
SELENOT,rank 6
SEMA4A,rank 16
SEMA4C,rank 20
SEMA4D,rank 11
SEMA6A,rank 1
SEMA6D,rank 11
SENP1,rank 15
SENP2,rank 15
SENP3,rank 8
SENP6,rank 2
SENP7,rank 2
10-Sep,rank 5
11-Sep,rank 11
2-Sep,rank 5
5-Sep,rank 12
6-Sep,rank 11
7-Sep,rank 11
8-Sep,rank 11
9-Sep,rank 1
SERAC1,rank 18
SERBP1,rank 16
SERPINH1,rank 6
SET,rank 8
SETD1A,rank 19
SETD1B,rank 9
SETD2,rank 10
SETD7,rank 17
SETDB1,rank 2
SETX,rank 9
SF1,rank 10
SF3A1,rank 10
SF3A3,rank 2
SF3B2,rank 10
SF3B3,rank 2
SFI1,rank 12
SFMBT1,rank 5
SFPQ,rank 10
SFSWAP,rank 10
SFT2D2,rank 7
SFT2D3,rank 14
SFXN1,rank 11
SFXN2,rank 18
SFXN4,rank 18
SGF29,rank 2
SGMS1,rank 14
SGO2,rank 9
SGPL1,rank 3
SGTA,rank 3
SH2B2,rank 1
SH3BP4,rank 1
SH3BP5,rank 20
SH3D19,rank 5
SH3GL1,rank 5
SH3GL3,rank 7
SH3GLB1,rank 7
SH3KBP1,rank 5
SH3PXD2B,rank 17
SH3RF1,rank 1
SHB,rank 1
SHC1,rank 4
SHISA2,rank 11
SHKBP1,rank 12
SHMT2,rank 4
SHOC2,rank 11
SHPRH,rank 2
SHROOM1,rank 1
SHROOM3,rank 12
SHTN1,rank 5
SIL1,rank 6
SIN3A,rank 9
SIPA1L1,rank 12
SIPA1L2,rank 12
SIPA1L3,rank 12
SIRPA,rank 11
SIRT1,rank 8
SIRT2,rank 5
SIRT3,rank 4
SIX4,rank 9
SKA1,rank 17
SKA3,rank 17
SLAIN1,rank 17
SLAIN2,rank 17
SLBP,rank 16
SLC11A2,rank 7
SLC12A2,rank 11
SLC12A4,rank 7
SLC12A6,rank 20
SLC12A7,rank 11
SLC16A1,rank 11
SLC16A10,rank 11
SLC19A1,rank 11
SLC1A1,rank 20
SLC1A3,rank 11
SLC1A4,rank 11
SLC1A5,rank 11
SLC20A1,rank 14
SLC20A2,rank 7
SLC22A5,rank 11
SLC25A1,rank 19
SLC25A10,rank 19
SLC25A11,rank 19
SLC25A12,rank 18
SLC25A13,rank 18
SLC25A17,rank 13
SLC25A24,rank 18
SLC25A25,rank 18
SLC25A3,rank 11
SLC25A4,rank 13
SLC25A46,rank 13
SLC25A5,rank 4
SLC25A6,rank 4
SLC26A11,rank 7
SLC26A2,rank 11
SLC26A6,rank 11
SLC27A2,rank 15
SLC27A3,rank 15
SLC27A4,rank 3
SLC29A1,rank 11
SLC29A2,rank 11
SLC2A1,rank 11
SLC2A13,rank 7
SLC30A1,rank 11
SLC30A3,rank 7
SLC30A4,rank 7
SLC30A5,rank 14
SLC30A6,rank 14
SLC30A7,rank 14
SLC30A9,rank 4
SLC33A1,rank 15
SLC35A2,rank 14
SLC35A3,rank 6
SLC35B2,rank 14
SLC35B4,rank 6
SLC35E1,rank 14
SLC35E3,rank 6
SLC35F2,rank 7
SLC35F6,rank 9
SLC38A1,rank 11
SLC38A2,rank 11
SLC38A9,rank 7
SLC39A10,rank 11
SLC39A14,rank 11
SLC39A6,rank 11
SLC39A7,rank 6
SLC3A2,rank 11
SLC41A3,rank 3
SLC4A1AP,rank 2
SLC4A2,rank 14
SLC4A4,rank 11
SLC4A7,rank 11
SLC5A3,rank 11
SLC6A15,rank 14
SLC6A6,rank 11
SLC6A8,rank 11
SLC6A9,rank 11
SLC7A1,rank 11
SLC7A11,rank 11
SLC7A2,rank 11
SLC7A5,rank 11
SLC7A6,rank 11
SLC9A1,rank 15
SLC9A3R1,rank 11
SLC9A3R2,rank 11
SLC9A7,rank 20
SLCO3A1,rank 11
SLCO4A1,rank 11
SLCO4C1,rank 20
SLF2,rank 9
SLFN11,rank 2
SLIT2,rank 6
SLK,rank 11
SLMAP,rank 15
SLTM,rank 10
SLU7,rank 10
SMAP1,rank 5
SMAP2,rank 7
SMARCA1,rank 9
SMARCA2,rank 9
SMARCA4,rank 9
SMARCA5,rank 9
SMARCAD1,rank 2
SMARCC1,rank 2
SMARCC2,rank 2
SMARCE1,rank 2
SMC1A,rank 19
SMC2,rank 19
SMCHD1,rank 2
SMCR8,rank 15
SMG1,rank 5
SMG7,rank 12
SMIM12,rank 18
SMIM20,rank 18
SMN1,rank 9
SMN2,rank 19
SMNDC1,rank 2
SMO,rank 20
SMPD2,rank 15
SMPD4,rank 15
SNAP23,rank 11
SNAP25,rank 11
SNAP29,rank 15
SNAP47,rank 15
SNAPIN,rank 7
SND1,rank 16
SNRNP200,rank 10
SNRNP40,rank 19
SNRPB,rank 19
SNRPD1,rank 10
SNRPD2,rank 10
SNRPD3,rank 10
SNRPE,rank 5
SNRPG,rank 2
SNTB1,rank 11
SNTB2,rank 1
SNW1,rank 10
SNX1,rank 7
SNX12,rank 7
SNX13,rank 7
SNX14,rank 7
SNX17,rank 7
SNX19,rank 15
SNX2,rank 7
SNX24,rank 11
SNX27,rank 7
SNX29,rank 7
SNX3,rank 7
SNX30,rank 20
SNX4,rank 5
SNX5,rank 7
SNX6,rank 7
SNX7,rank 7
SNX9,rank 1
SOAT1,rank 15
SOD1,rank 19
SOGA1,rank 17
SON,rank 10
SORBS1,rank 5
SORBS2,rank 12
SORBS3,rank 5
SOWAHC,rank 11
SPAG1,rank 11
SPAG5,rank 17
SPAG7,rank 2
SPAG9,rank 7
SPART,rank 5
SPATA2,rank 12
SPATA20,rank 4
SPATA24,rank 12
SPATA5L1,rank 19
SPATS2,rank 16
SPATS2L,rank 16
SPC24,rank 5
SPC25,rank 12
SPCS2,rank 15
SPCS3,rank 6
SPDL1,rank 15
SPECC1,rank 1
SPECC1L,rank 17
SPEN,rank 10
SPG11,rank 7
SPG21,rank 7
SPICE1,rank 12
SPIRE2,rank 20
SPNS1,rank 7
SPRED2,rank 11
SPRY1,rank 7
SPRY2,rank 11
SPRY4,rank 11
SPRYD4,rank 4
SPTAN1,rank 1
SPTBN1,rank 11
SPTBN2,rank 11
SPTBN5,rank 9
SPTLC1,rank 15
SPTLC2,rank 3
SPTY2D1,rank 8
SQSTM1,rank 14
SRBD1,rank 9
SRC,rank 11
SRCAP,rank 9
SRCIN1,rank 1
SREK1,rank 10
SRFBP1,rank 8
SRGAP1,rank 12
SRGAP2,rank 1
SRP54,rank 15
SRP72,rank 15
SRPK1,rank 16
SRPK2,rank 5
SRPRA,rank 15
SRPRB,rank 15
SRRM1,rank 10
SRRM2,rank 10
SRRT,rank 10
SRSF10,rank 10
SRSF11,rank 10
SRSF2,rank 2
SRSF3,rank 10
SRSF4,rank 10
SRSF6,rank 10
SRSF7,rank 10
SRSF9,rank 10
SSB,rank 2
SSBP1,rank 4
SSFA2,rank 15
SSH2,rank 19
SSR1,rank 15
SSR3,rank 15
SSR4,rank 9
SSRP1,rank 2
SSX2IP,rank 12
ST13,rank 19
ST7,rank 15
STAG1,rank 2
STAG2,rank 9
STAM,rank 14
STAM2,rank 14
STARD3,rank 7
STARD7,rank 18
STAT2,rank 5
STAU1,rank 16
STAU2,rank 16
STBD1,rank 15
STEAP1,rank 14
STEAP2,rank 11
STEAP3,rank 11
STIL,rank 12
STIM1,rank 15
STIM2,rank 15
STIP1,rank 19
STK10,rank 11
STK11IP,rank 7
STK24,rank 5
STK25,rank 13
STK3,rank 5
STK38,rank 5
STMN1,rank 5
STOM,rank 14
STOML2,rank 4
STON1-GTF2A1L,rank 11
STON2,rank 1
STRAP,rank 16
STRBP,rank 10
STRIP1,rank 9
STRIP2,rank 9
STRN,rank 5
STRN3,rank 9
STRN4,rank 5
STT3A,rank 3
STT3B,rank 3
STUB1,rank 19
STX10,rank 14
STX12,rank 7
STX17,rank 13
STX18,rank 15
STX3,rank 11
STX4,rank 11
STX5,rank 15
STX6,rank 7
STX7,rank 7
STX8,rank 7
STXBP3,rank 1
STXBP4,rank 12
STXBP5,rank 1
SUB1,rank 8
SUCLA2,rank 4
SUCLG2,rank 4
SUCO,rank 15
SUGP1,rank 10
SUGP2,rank 10
SUGT1,rank 19
SULT1A1,rank 19
SULT1A2,rank 19
SUMF2,rank 6
SUMO1,rank 5
SUN1,rank 15
SUN2,rank 15
SUOX,rank 18
SUPT16H,rank 2
SUPT3H,rank 2
SUPT5H,rank 9
SUPT6H,rank 19
SUPT7L,rank 2
SUPV3L1,rank 4
SURF4,rank 13
SURF6,rank 8
SUSD5,rank 11
SUV39H2,rank 2
SUZ12,rank 2
SV2A,rank 20
SVIL,rank 5
SWAP70,rank 1
SYAP1,rank 15
SYBU,rank 17
SYDE1,rank 1
SYMPK,rank 10
SYNCRIP,rank 16
SYNE1,rank 15
SYNE2,rank 15
SYNE3,rank 15
SYNGAP1,rank 12
SYNJ1,rank 5
SYNJ2,rank 17
SYNJ2BP-COX16,rank 13
SYNM,rank 12
SYNRG,rank 20
SYTL4,rank 20
SYTL5,rank 20
SYVN1,rank 3
SZT2,rank 7
TAB2,rank 12
TAB3,rank 19
TACC1,rank 15
TACC2,rank 15
TACC3,rank 5
TACO1,rank 4
TADA3,rank 2
TAF1,rank 9
TAF15,rank 10
TAF2,rank 9
TAF3,rank 10
TAF4,rank 2
TAF5L,rank 2
TAF6,rank 10
TAF6L,rank 2
TAF9,rank 10
TAF9B,rank 2
TAGLN2,rank 5
TALDO1,rank 2
TANC1,rank 1
TANC2,rank 12
TAOK2,rank 17
TAOK3,rank 11
TAP1,rank 3
TAP2,rank 3
TAPT1,rank 3
TARBP1,rank 12
TARDBP,rank 10
TARS,rank 5
TARS2,rank 4
TBC1D1,rank 20
TBC1D10A,rank 11
TBC1D10B,rank 1
TBC1D12,rank 20
TBC1D15,rank 5
TBC1D20,rank 15
TBC1D22B,rank 7
TBC1D23,rank 7
TBC1D2B,rank 20
TBC1D31,rank 12
TBC1D4,rank 19
TBC1D5,rank 7
TBC1D8,rank 1
TBC1D9,rank 7
TBC1D9B,rank 7
TBCE,rank 5
TBK1,rank 12
TBKBP1,rank 12
TBL1XR1,rank 2
TBL2,rank 15
TBL3,rank 8
TBR1,rank 19
TBRG4,rank 4
TC2N,rank 11
TCAIM,rank 4
TCERG1,rank 10
TCF20,rank 9
TCF25,rank 9
TCF7L2,rank 9
TCHP,rank 12
TCOF1,rank 8
TCP1,rank 19
TCTN3,rank 6
TDP1,rank 2
TDP2,rank 9
TDRD3,rank 16
TDRD7,rank 17
TDRKH,rank 13
TDRP,rank 18
TECPR2,rank 20
TECR,rank 13
TEDC1,rank 12
TEFM,rank 4
TELO2,rank 13
TENM3,rank 11
TERF2,rank 2
TES,rank 5
TET1,rank 9
TEX10,rank 8
TEX2,rank 15
TEX264,rank 15
TEX9,rank 12
TFAM,rank 4
TFAP2A,rank 9
TFAP4,rank 9
TFB2M,rank 4
TFCP2,rank 5
TFDP1,rank 9
TFG,rank 14
TFIP11,rank 10
TFRC,rank 11
TGS1,rank 9
THADA,rank 5
THEM4,rank 4
THEM6,rank 3
THG1L,rank 4
THNSL1,rank 4
THOC1,rank 10
THOC2,rank 10
THOC7,rank 12
THRAP3,rank 10
THSD1,rank 20
THUMPD3,rank 20
TIAM1,rank 1
TIAM2,rank 11
TIMELESS,rank 9
TIMM13,rank 18
TIMM17B,rank 18
TIMM23,rank 18
TIMM29,rank 18
TIMM44,rank 4
TIMM50,rank 18
TIMM8A,rank 18
TIMM8B,rank 18
TIMMDC1,rank 18
TJAP1,rank 14
TJP1,rank 1
TJP2,rank 1
TKT,rank 2
TLCD1,rank 3
TLCD2,rank 3
TLDC1,rank 11
TLE3,rank 10
TLK1,rank 10
TLK2,rank 10
TLN2,rank 5
TM7SF3,rank 7
TM9SF2,rank 3
TM9SF3,rank 13
TMCC3,rank 15
TMCO1,rank 15
TMED10,rank 6
TMED2,rank 6
TMED4,rank 6
TMED8,rank 15
TMED9,rank 6
TMEM102,rank 20
TMEM106B,rank 7
TMEM106C,rank 15
TMEM109,rank 15
TMEM115,rank 14
TMEM120B,rank 3
TMEM126A,rank 18
TMEM126B,rank 18
TMEM131,rank 15
TMEM131L,rank 15
TMEM135,rank 13
TMEM159,rank 15
TMEM161A,rank 3
TMEM161B,rank 6
TMEM165,rank 14
TMEM173,rank 15
TMEM184B,rank 7
TMEM184C,rank 7
TMEM189,rank 3
TMEM192,rank 7
TMEM199,rank 15
TMEM2,rank 11
TMEM201,rank 15
TMEM209,rank 15
TMEM214,rank 15
TMEM222,rank 11
TMEM230,rank 3
TMEM237,rank 11
TMEM242,rank 18
TMEM245,rank 3
TMEM263,rank 13
TMEM33,rank 13
TMEM35B,rank 3
TMEM38B,rank 3
TMEM39A,rank 15
TMEM41B,rank 3
TMEM43,rank 3
TMEM51,rank 1
TMEM59,rank 14
TMEM65,rank 18
TMEM67,rank 15
TMEM79,rank 17
TMEM87A,rank 14
TMEM9,rank 15
TMEM97,rank 13
TMEM9B,rank 3
TMF1,rank 14
TMLHE,rank 4
TMOD1,rank 5
TMOD2,rank 5
TMOD3,rank 5
TMPO,rank 15
TMTC2,rank 3
TMTC3,rank 6
TMX1,rank 15
TMX2,rank 3
TMX3,rank 6
TMX4,rank 15
TNFRSF10B,rank 11
TNIK,rank 1
TNIP1,rank 12
TNIP2,rank 12
TNKS,rank 12
TNKS1BP1,rank 1
TNPO1,rank 13
TNPO2,rank 10
TNPO3,rank 13
TNRC6A,rank 12
TNRC6B,rank 12
TNRC6C,rank 12
TNS3,rank 12
TOGARAM1,rank 12
TOM1L2,rank 14
TOMM20,rank 13
TOMM22,rank 13
TOMM34,rank 19
TOMM40,rank 13
TOMM5,rank 13
TOMM70,rank 13
TONSL,rank 10
TOP1,rank 9
TOP2A,rank 2
TOP2B,rank 8
TOP3A,rank 4
TOP3B,rank 16
TOPBP1,rank 9
TOR1A,rank 6
TOR1AIP1,rank 15
TOR1AIP2,rank 15
TOX3,rank 15
TP53,rank 12
TP53BP1,rank 10
TP53BP2,rank 1
TP53I11,rank 15
TPD52,rank 7
TPD52L1,rank 7
TPD52L2,rank 7
TPGS1,rank 19
TPM1,rank 11
TPM3,rank 19
TPM4,rank 5
TPP2,rank 19
TPRA1,rank 20
TPX2,rank 2
TRABD,rank 13
TRAF3IP1,rank 12
TRAK1,rank 13
TRAK2,rank 13
TRAM1,rank 3
TRAP1,rank 4
TRAPPC10,rank 20
TRAPPC11,rank 14
TRAPPC12,rank 14
TRAPPC8,rank 7
TRAPPC9,rank 20
TRIAP1,rank 18
TRIM13,rank 15
TRIM24,rank 2
TRIM26,rank 17
TRIM28,rank 2
TRIM33,rank 2
TRIM36,rank 17
TRIM37,rank 12
TRIM56,rank 16
TRIM62,rank 5
TRIM9,rank 5
TRIO,rank 17
TRIOBP,rank 12
TRIP11,rank 14
TRIP12,rank 2
TRIP13,rank 19
TRIP4,rank 16
TRIP6,rank 5
TRIR,rank 10
TRIT1,rank 4
TRMT1,rank 4
TRMT10C,rank 4
TRMT11,rank 4
TRMT1L,rank 8
TRMT2B,rank 4
TRMT5,rank 4
TRMT6,rank 2
TRMT61B,rank 4
TRO,rank 12
TROAP,rank 17
TRPC4,rank 9
TRPM4,rank 11
TRPM7,rank 15
TRPS1,rank 9
TRRAP,rank 3
TSC1,rank 7
TSC2,rank 7
TSC22D2,rank 5
TSEN34,rank 10
TSFM,rank 4
TSHZ3,rank 9
TSNAX,rank 16
TSPAN10,rank 7
TSPYL1,rank 9
TSR1,rank 8
TSSC4,rank 19
TTBK2,rank 17
TTC1,rank 19
TTC13,rank 6
TTC14,rank 10
TTC17,rank 6
TTC19,rank 18
TTC28,rank 5
TTC3,rank 12
TTC37,rank 13
TTC4,rank 19
TTC9C,rank 19
TTF1,rank 9
TTF2,rank 17
TTI1,rank 13
TTK,rank 12
TTLL12,rank 19
TTLL5,rank 12
TTN,rank 17
TUBA1A,rank 19
TUBA1C,rank 19
TUBA4A,rank 19
TUBAL3,rank 19
TUBB2A,rank 19
TUBB2B,rank 17
TUBB3,rank 17
TUBB4B,rank 19
TUBG1,rank 11
TUBGCP2,rank 3
TUBGCP3,rank 5
TULP3,rank 11
TWF1,rank 5
TWF2,rank 5
TWISTNB,rank 9
TWNK,rank 4
TXLNA,rank 12
TXLNG,rank 12
TXNDC15,rank 6
TXNDC16,rank 6
TXNDC5,rank 6
TXNDC9,rank 5
TXNL1,rank 19
TYSND1,rank 12
TYW1,rank 15
TYW1B,rank 15
U2AF1,rank 10
U2AF2,rank 10
U2SURP,rank 10
UACA,rank 1
UBA2,rank 2
UBA52,rank 14
UBAC2,rank 3
UBAP1,rank 5
UBAP2,rank 16
UBAP2L,rank 16
UBB,rank 15
UBE2J1,rank 15
UBE2N,rank 6
UBE2O,rank 5
UBE3A,rank 13
UBE3C,rank 13
UBE4A,rank 15
UBIAD1,rank 14
UBL4A,rank 6
UBN1,rank 10
UBN2,rank 10
UBP1,rank 5
UBQLN1,rank 19
UBQLN4,rank 19
UBR4,rank 5
UBR5,rank 10
UBR7,rank 2
UBTF,rank 8
UBXN4,rank 15
UBXN6,rank 11
UBXN7,rank 2
UBXN8,rank 15
UCHL1,rank 19
UFD1,rank 17
UFL1,rank 15
UGGT1,rank 6
UGGT2,rank 6
UGT8,rank 3
UHRF1,rank 2
UHRF1BP1,rank 7
UHRF1BP1L,rank 20
UIMC1,rank 2
UNC13B,rank 1
UNC13D,rank 5
UNC45A,rank 19
UNC5B,rank 14
UNC5C,rank 14
UNG,rank 10
UNK,rank 12
UPF1,rank 16
UPF3B,rank 11
UQCC1,rank 4
UQCC3,rank 18
UQCRB,rank 4
UQCRC2,rank 9
UQCRFS1,rank 4
URB1,rank 8
URB2,rank 8
URI1,rank 19
USE1,rank 15
USO1,rank 14
USP10,rank 16
USP11,rank 11
USP15,rank 5
USP16,rank 16
USP20,rank 15
USP24,rank 5
USP28,rank 2
USP3,rank 2
USP30,rank 13
USP31,rank 1
USP32,rank 20
USP33,rank 15
USP36,rank 8
USP39,rank 10
USP48,rank 2
USP53,rank 12
USP54,rank 12
USP6NL,rank 1
USP7,rank 10
USP8,rank 14
USP9X,rank 13
UTP14A,rank 8
UTP15,rank 8
UTP18,rank 8
UTP20,rank 8
UTP23,rank 11
UTP3,rank 8
UTRN,rank 1
UVSSA,rank 9
VAC14,rank 7
VAMP2,rank 11
VAMP3,rank 11
VAMP4,rank 7
VAMP7,rank 7
VAMP8,rank 7
VANGL1,rank 1
VANGL2,rank 1
VAPA,rank 15
VAPB,rank 15
VARS2,rank 4
VASP,rank 5
VAT1,rank 7
VAV2,rank 12
VBP1,rank 19
VCL,rank 5
VCP,rank 15
VCPIP1,rank 5
VDAC1,rank 13
VDAC2,rank 19
VDAC3,rank 19
VEZT,rank 15
VIM,rank 5
VIPAS39,rank 20
VIRMA,rank 10
VKORC1L1,rank 15
VLDLR,rank 6
VMA21,rank 3
VMP1,rank 15
VPS11,rank 7
VPS13A,rank 13
VPS13B,rank 14
VPS13C,rank 7
VPS13D,rank 13
VPS16,rank 7
VPS18,rank 7
VPS33A,rank 7
VPS33B,rank 20
VPS35,rank 2
VPS45,rank 7
VPS50,rank 20
VPS51,rank 20
VPS52,rank 20
VPS53,rank 20
VPS54,rank 14
VPS72,rank 2
VPS8,rank 20
VRK1,rank 2
VRK2,rank 15
VTI1A,rank 7
VTI1B,rank 7
VWA8,rank 4
WAC,rank 10
WAPL,rank 2
WARS2,rank 4
WASF1,rank 11
WASF2,rank 1
WASHC1,rank 5
WASHC2A,rank 5
WASHC2C,rank 7
WASHC4,rank 7
WASL,rank 5
WBP11,rank 10
WBP4,rank 9
WDCP,rank 12
WDFY3,rank 20
WDHD1,rank 10
WDR11,rank 7
WDR20,rank 11
WDR24,rank 7
WDR3,rank 8
WDR33,rank 10
WDR36,rank 8
WDR41,rank 15
WDR43,rank 8
WDR44,rank 20
WDR45,rank 5
WDR46,rank 16
WDR47,rank 17
WDR5,rank 9
WDR59,rank 7
WDR6,rank 11
WDR62,rank 17
WDR7,rank 20
WDR70,rank 10
WDR75,rank 8
WDR81,rank 7
WDR82,rank 2
WDR83,rank 10
WDR90,rank 12
WDR91,rank 7
WDR92,rank 19
WFS1,rank 3
WHAMM,rank 13
WIPF2,rank 5
WIPF3,rank 5
WIPI1,rank 16
WIZ,rank 2
WLS,rank 11
WNK1,rank 5
WNK2,rank 5
WNK3,rank 5
WRAP73,rank 12
WRN,rank 8
WRNIP1,rank 9
WSB2,rank 13
WTAP,rank 10
WWC1,rank 12
WWOX,rank 15
XAB2,rank 10
XIAP,rank 5
XPC,rank 9
XPO1,rank 13
XPO5,rank 8
XPO6,rank 3
XPO7,rank 13
XPOT,rank 13
XPR1,rank 1
XRCC1,rank 9
XRCC4,rank 2
XRCC5,rank 2
XRCC6,rank 2
XRN1,rank 16
XRN2,rank 10
XXYLT1,rank 6
YAP1,rank 5
YARS,rank 19
YARS2,rank 4
YBX1,rank 16
YBX3,rank 2
YEATS2,rank 12
YEATS4,rank 2
YES1,rank 11
YIF1A,rank 3
YIF1B,rank 3
YIPF3,rank 14
YIPF5,rank 15
YKT6,rank 11
YLPM1,rank 10
YME1L1,rank 18
YTHDC1,rank 10
YTHDC2,rank 16
YTHDF1,rank 16
YTHDF2,rank 16
YTHDF3,rank 16
YWHAB,rank 11
YWHAE,rank 11
YWHAH,rank 11
YWHAZ,rank 11
YY1,rank 9
ZBED4,rank 9
ZBTB10,rank 9
ZBTB11,rank 9
ZBTB21,rank 9
ZBTB9,rank 9
ZC2HC1A,rank 17
ZC3H11A,rank 10
ZC3H13,rank 10
ZC3H14,rank 10
ZC3H15,rank 16
ZC3H18,rank 10
ZC3H4,rank 10
ZC3H7A,rank 16
ZC3H7B,rank 16
ZC3HAV1,rank 15
ZC3HC1,rank 2
ZCCHC11,rank 16
ZCCHC14,rank 12
ZCCHC2,rank 12
ZCCHC3,rank 16
ZCCHC6,rank 16
ZCCHC8,rank 10
ZDBF2,rank 9
ZDHHC13,rank 14
ZDHHC2,rank 7
ZDHHC20,rank 7
ZDHHC5,rank 1
ZDHHC8,rank 1
ZEB1,rank 9
ZEB2,rank 9
ZFC3H1,rank 10
ZFP1,rank 2
ZFP30,rank 2
ZFP36L2,rank 5
ZFP62,rank 9
ZFP82,rank 2
ZFP91,rank 2
ZFPL1,rank 14
ZFR,rank 10
ZFYVE16,rank 7
ZFYVE26,rank 7
ZFYVE27,rank 15
ZFYVE9,rank 7
ZHX3,rank 2
ZKSCAN4,rank 9
ZMAT2,rank 2
ZMPSTE24,rank 13
ZMYM1,rank 9
ZMYM2,rank 2
ZMYM3,rank 2
ZMYM4,rank 9
ZMYM6,rank 10
ZMYND8,rank 2
ZNF106,rank 8
ZNF131,rank 2
ZNF136,rank 2
ZNF146,rank 9
ZNF148,rank 9
ZNF174,rank 9
ZNF184,rank 2
ZNF217,rank 5
ZNF226,rank 2
ZNF227,rank 2
ZNF24,rank 9
ZNF250,rank 2
ZNF273,rank 8
ZNF280C,rank 2
ZNF280D,rank 2
ZNF281,rank 9
ZNF292,rank 9
ZNF318,rank 10
ZNF326,rank 10
ZNF33A,rank 2
ZNF346,rank 8
ZNF354A,rank 2
ZNF362,rank 9
ZNF384,rank 9
ZNF420,rank 8
ZNF451,rank 10
ZNF462,rank 9
ZNF483,rank 2
ZNF507,rank 19
ZNF512,rank 9
ZNF512B,rank 9
ZNF516,rank 5
ZNF518B,rank 9
ZNF536,rank 9
ZNF566,rank 2
ZNF567,rank 2
ZNF568,rank 2
ZNF570,rank 2
ZNF592,rank 2
ZNF598,rank 16
ZNF607,rank 2
ZNF608,rank 10
ZNF609,rank 10
ZNF615,rank 2
ZNF622,rank 15
ZNF629,rank 2
ZNF638,rank 10
ZNF644,rank 9
ZNF646,rank 2
ZNF687,rank 10
ZNF711,rank 9
ZNF776,rank 2
ZNF780A,rank 9
ZNF8,rank 2
ZNF829,rank 2
ZNF830,rank 10
ZNF850,rank 2
ZNF91,rank 2
ZRANB2,rank 10
ZSCAN18,rank 10
ZSCAN21,rank 8
ZW10,rank 15
ZWINT,rank 12
ZYX,rank 5
ZZZ3,rank 2
